1 , 355.505162 , 48.38285 , 7119.574545454546 , 2.491108257299342
2 , 14.233333 , 53.916667 , 6949.297619047619 , 3.344074247881577
3 , 0.743444 , 51.445639 , 7107.022099447514 , 2.543431634197609
5 , 355.379556 , 53.313944 , 7046.674418604651 , 3.956559143240019
7 , 8.716667 , 53.866667 , 7132.713768115942 , 4.18182337826298
8 , 11.458056 , 53.898889 , 7074.579710144928 , 3.7783451841810263
9 , 4.249722 , 51.9175 , 6933.492753623188 , 2.719735824041736
10 , 237.535 , 37.806667 , 7087.010948905109 , 3.895793501452437
11 , 12.103333 , 54.169722 , 7103.478260869565 , 3.9300274189214557
12 , 285.986667 , 40.7 , 7110.394052044609 , 2.3877588057569845
13 , 10.872222 , 53.958056 , 7033.275362318841 , 2.9358161400283143
14 , 24.956217 , 60.153633 , 6967.654545454546 , 5.212052381237231
15 , 357.0 , 53.4 , NaN , 4.9699534831199585
16 , 21.183333 , 60.85 , NaN , 3.5518086500650377
17 , 21.233333 , 60.6 , NaN , 3.138777250951191
18 , 22.366667 , 59.95 , NaN , 4.123158343224171
20 , 3.596111 , 51.442222 , 6923.659420289855 , 4.122396852065511
21 , 357.916667 , 57.15 , NaN , 3.6428338818511277
22 , 4.12 , 51.9775 , 6948.344202898551 , 2.719735824041736
23 , 4.745 , 52.964444 , 6940.757246376812 , 3.5713984112912582
24 , 6.933056 , 53.326389 , 6920.760869565217 , 3.6242795496246063
25 , 5.409444 , 53.175556 , 6973.735507246377 , 3.588058069309347
26 , 20.983333 , 56.533333 , NaN , 4.533199871360886
27 , 21.366667 , 59.783333 , NaN , 3.9644953713067017
28 , 22.95 , 59.766667 , NaN , 4.3362561268029065
29 , 25.416667 , 60.116667 , NaN , 5.563134537342022
30 , 20.8 , 63.066667 , NaN , 4.574287857746108
31 , 17.616667 , 59.2 , NaN , 4.242633526896584
32 , 4.554722 , 52.462222 , 6978.202898550725 , 2.9363709001116596
33 , 10.604861 , 59.678073 , 6962.764492753623 , 4.182235009469672
34 , 10.433333 , 63.433333 , NaN , 4.574488184136396
37 , 24.033333 , 57.05 , NaN , 2.2747044373558447
39 , 12.333333 , 45.416667 , NaN , 5.4665511675653455
41 , 41.683333 , 42.166667 , 7069.41825095057 , 5.3903157206884815
42 , 33.533333 , 44.616667 , 7007.083333333333 , 4.492110831944166
43 , 72.833333 , 18.916667 , 7081.084112149532 , 7.741808886046715
44 , 44.974167 , 12.788333 , 7071.473684210527 , 3.350433877642917
45 , 14.482149 , 68.212639 , 6851.514492753623 , -0.14103849339386765
47 , 5.730121 , 58.974339 , 6964.369565217391 , 4.163221049304823
48 , 88.333333 , 22.533333 , NaN , 1.9350014488873915
49 , 88.133333 , 21.633333 , NaN , 0.6689241293044585
51 , 41.7 , 41.633333 , 7008.234693877551 , 6.98073226143606
52 , 350.583333 , 38.683333 , 6990.5 , 3.249281823474756
57 , 21.571183 , 63.081533 , 6745.665322580645 , 4.786598350510071
58 , 5.320487 , 60.398046 , 6964.927536231884 , 3.510055039758917
59 , 8.9 , 44.4 , 7037.103448275862 , 4.613801817539288
61 , 5.35386 , 43.278801 , 7005.7427385892115 , 4.050244034755589
62 , 10.73451 , 59.908559 , 6985.418181818181 , 4.182235009469672
63 , 19.883333 , 60.033333 , NaN , 3.919918791628179
64 , 18.683333 , 54.4 , 6966.452380952381 , 4.586267051669189
65 , 151.233333 , -33.85 , 6971.833333333333 , 2.5284927561527715
66 , 354.983333 , 51.7 , NaN , 4.260495014703956
68 , 17.865278 , 58.742222 , 6888.871951219512 , 4.494946690436611
69 , 17.097222 , 57.366111 , 6929.764492753623 , 3.7879784220888912
70 , 15.589444 , 56.105278 , 7038.70652173913 , 4.443845928763039
71 , 22.976583 , 59.822867 , 6904.970588235294 , 4.3362561268029065
72 , 13.816667 , 55.416667 , NaN , 4.673373859495426
73 , 12.216667 , 57.1 , NaN , 4.5498066836100985
74 , 11.9 , 57.683333 , NaN , 4.923562142824456
76 , 10.223889 , 56.147222 , 7066.256505576208 , 3.04176898703928
77 , 19.033333 , 59.283333 , NaN , 4.9717572698246615
78 , 18.081667 , 59.324167 , 6838.605072463768 , 4.934579139302994
79 , 25.418233 , 65.040317 , 6954.826086956522 , 3.930606842729901
80 , 8.441111 , 55.460833 , 7096.6021897810215 , 7.857286602924226
81 , 9.754444 , 55.560833 , 7087.576086956522 , 3.3483078480612503
82 , 12.6 , 55.705 , 7030.632411067194 , 3.6527557426817574
83 , 28.733333 , 60.7 , NaN , 4.54653211263734
84 , 20.016667 , 60.1 , NaN , 3.919918791628179
85 , 21.45 , 61.616667 , NaN , 4.691285192131785
86 , 23.033333 , 63.833333 , NaN , 4.554996147712271
87 , 12.35 , 45.416667 , NaN , 5.4665511675653455
88 , 20.895 , 63.986111 , 6653.836956521739 , 4.3961209723976316
89 , 9.963889 , 57.595556 , 7066.130434782609 , 5.30639988209345
90 , 17.966667 , 60.633333 , NaN , 4.891624433600194
91 , 10.548889 , 57.436389 , 6960.12 , 5.165922134095487
94 , 132.066667 , 34.9 , NaN , 4.671898733995819
95 , 358.560222 , 55.007444 , 7017.905303030303 , 4.923692719169611
96 , 296.416667 , 44.666667 , 7025.652542372882 , 2.724487856456039
97 , 11.25 , 58.366667 , NaN , 5.19782441981765
98 , 10.827778 , 55.288333 , 7075.431818181818 , 2.856767801567912
99 , 17.166667 , 60.683333 , NaN , 4.738987446718691
100 , 12.283333 , 44.5 , NaN , 4.1286663276023665
101 , 13.483333 , 43.583333 , NaN , 3.769693133906672
102 , 15.133333 , 37.5 , NaN , 5.099625145744111
103 , 17.266667 , 40.433333 , NaN , 4.757544445796466
104 , 9.166667 , 39.2 , NaN , 1.5603441456434393
105 , 14.2575 , 40.8429 , NaN , 3.7201055746921172
106 , 11.816667 , 42.05 , NaN , 4.573675365108153
107 , 13.333333 , 38.133333 , NaN , 2.053185235846234
108 , 8.016667 , 43.866667 , NaN , 3.638105964294156
109 , 9.366667 , 41.233333 , NaN , 1.1287384591436558
111 , 115.739444 , -32.055833 , 6788.090579710145 , 4.6017908196257125
112 , 278.53499999999997 , 30.671667 , 7268.95983935743 , 5.2088998702194385
113 , 11.142222 , 55.332222 , 7072.472727272727 , 2.8062746828566922
118 , 21.133333 , 55.7 , 6577.571428571428 , 4.620320257458414
119 , 12.458333 , 56.091111 , 7058.860805860806 , 4.1325584009623615
120 , 11.925556 , 54.572778 , 7020.490842490843 , 3.8550096776068457
121 , 139.916667 , 40.583333 , NaN , 3.8400010515513987
122 , 17.533333 , 62.366667 , NaN , 4.273755740487447
126 , 287.45 , 46.333333 , 6761.127272727273 , 3.358804818884171
127 , 237.661667 , 47.601667 , 7148.909090909091 , 4.164127037945019
129 , 14.266667 , 40.866667 , NaN , 3.7201055746921172
130 , 139.615278 , 35.160278 , 7120.448529411765 , 1.0038739629858613
131 , 141.505278 , 38.296667 , 7300.271653543307 , 3.4985546468326576
132 , 136.900278 , 37.405833 , 7047.695817490494 , 2.0738814549107665
133 , 131.669444 , 32.428611 , 6934.030418250951 , 1.405446394890292
134 , 135.773333 , 33.475833 , 7089.673913043478 , 4.353245924916646
135 , 284.858333 , 39.933333 , 7039.405904059041 , 3.6269025526114933
137 , 287.383333 , 46.266667 , 6763.229050279329 , 3.358804818884171
138 , 291.53333299999997 , 48.516667 , NaN , -5.122586853616296
139 , 145.583333 , 43.283333 , NaN , 2.5078995533964052
140 , 11.183333 , 58.95 , NaN , 4.817196103418987
142 , 23.55 , 60.1 , NaN , 5.17989039490409
144 , 287.75 , 46.5 , 6474.777777777777 , 3.5805516395243413
145 , 120.966667 , 14.583333 , 7430.934362934363 , 10.481362437312097
146 , 18.8 , 54.6 , NaN , 4.436331230033417
148 , 283.421667 , 39.266667 , 7139.709090909091 , 9.822259857055714
150 , 174.76946 , -36.84307 , 7032.271604938272 , -0.8325146950610017
154 , 13.758472 , 45.647361 , 7066.786231884058 , 0.2855056455196321
155 , 202.133333 , 21.306667 , 7084.376811594203 , 0.9666418727389993
157 , 301.633333 , -34.6 , NaN , 8.724809245267918
158 , 242.826667 , 32.713333 , 7116.529629629629 , 3.0713969326406754
159 , 140.866667 , 43.216667 , NaN , 4.061904071021895
161 , 265.206667 , 29.31 , 7359.290909090909 , 3.895450833490786
162 , 351.333333 , 37.1 , 6992.25 , 3.700913525064847
163 , 280.433333 , 8.966667 , 7134.959854014599 , 4.427427441334212
164 , 26.95 , 60.45 , NaN , 4.792345372268899
165 , 234.08333299999998 , 49.15 , 6996.71375464684 , 3.0064633406670147
166 , 236.633333 , 48.416667 , 7014.472727272727 , 3.5852074571874186
167 , 229.666667 , 54.316667 , 6993.753623188406 , 0.21725998935783897
168 , 12.333333 , 45.433333 , 7132.78125 , 5.4665511675653455
169 , 280.083333 , 9.35 , NaN , 4.05326553509474
170 , 17.016667 , 58.75 , NaN , 3.56641082459114
172 , 21.463433 , 61.594383 , 6815.814545454546 , 4.691285192131785
173 , 288.833333 , 46.833333 , 6922.911392405063 , 2.6953871316443427
174 , 99.816667 , 11.8 , 7003.37984496124 , 3.4570467631982744
175 , 236.883333 , 49.283333 , 7103.454545454545 , 3.5792716109865994
176 , 300.516667 , 50.5 , NaN , 4.5795021477849485
179 , 11.217778 , 58.353611 , 7018.728260869565 , 5.19782441981765
180 , 285.581667 , 39.355 , 7163.1821705426355 , 0.25828981026348147
181 , 292.516667 , -45.866667 , NaN , 7.499593008989973
183 , 289.753333 , 43.656667 , 7136.098181818182 , 2.4581795456195428
185 , 294.083333 , -47.75 , 7101.693181818182 , 3.631905972417268
188 , 278.193333 , 24.555 , 7214.065693430657 , 1.241540361661464
189 , 118.574417 , -20.317583 , 7220.610294117647 , 5.931399500520267
190 , 357.48312 , 56.00593 , NaN , 4.665622529359578
192 , 288.433333 , 46.7 , 7033.745454545455 , 4.479294622411406
193 , 236.75 , 49.333333 , 7073.185185185185 , 3.5792716109865994
194 , 22.689583 , 63.708567 , 6723.454212454212 , 4.694037987292692
195 , 293.933333 , 45.266667 , 7072.188340807175 , 4.29177048499696
196 , 151.225778 , -33.854667 , 7019.744525547445 , 2.5284927561527715
199 , 276.96666700000003 , 29.133333 , NaN , 2.596007107025592
201 , 287.9 , 46.566667 , 7037.036231884058 , 3.7721478421172954
202 , 354.457167 , 50.103 , 7115.352713178295 , 4.009842907347912
203 , 21.230556 , 64.915833 , 6718.542124542125 , 3.8991983961050383
204 , 66.975 , 24.811667 , 7227.275229357798 , 3.857226342595411
205 , 80.3 , 13.1 , 7013.645299145299 , 3.5635331394875704
206 , 92.766667 , 11.683333 , NaN , 1.7845342967704263
207 , 118.733333 , 9.75 , 7114.064864864865 , 3.7647580315868527
208 , 359.522123 , 38.338271 , 7074.216216216216 , 2.416745633093359
209 , 353.688588 , 36.527819 , NaN , 2.8464244706320074
210 , 96.166667 , 16.766667 , NaN , 10.351026434064755
212 , 72.833333 , 18.95 , NaN , 7.741808886046715
213 , 168.3454 , -46.59765 , 7121.576923076923 , 2.636102242340369
214 , 1.346556 , 51.957694 , 6887.120418848168 , 2.1025203102496715
215 , 39.066667 , 44.1 , 7183.779411764706 , 4.3502010059222265
216 , 138.01165 , -33.177644 , 6923.6 , 11.454783838202754
217 , 174.76946 , -36.84307 , 7024.181818181818 , -0.8325146950610017
219 , 354.083333 , 54.6 , NaN , 3.286041803174775
221 , 174.7798 , -41.28434 , 7102.438202247191 , 3.595262945387765
223 , 301.3 , -38.583333 , NaN , 3.469443694701559
224 , 284.88 , 38.781667 , 7130.406593406594 , 3.5883784088534565
225 , 228.375 , 55.331667 , 7046.938405797101 , -16.6029705917287
226 , 21.333333 , 61.483333 , NaN , 4.441266992340251
227 , 26.983333 , 60.083333 , NaN , 4.999868211707824
228 , 21.2 , 62.333333 , NaN , 5.062201001092721
229 , 24.51525 , 65.673367 , 6714.800724637681 , 4.084899340036772
230 , 135.870011 , -34.715903 , 6987.365313653137 , 5.9693613657090845
231 , 19.3 , 60.2 , NaN , 3.8448448192749947
233 , 21.666667 , 60.1 , NaN , 4.403485213208698
234 , 280.075 , 32.781667 , 7134.858695652174 , 4.164312366057925
235 , 288.946667 , 42.353333 , 7174.7406015037595 , -0.34363509788406343
236 , 5.22 , 53.363056 , 6948.963768115942 , 3.8042689617042305
237 , 28.616667 , 60.35 , NaN , 4.572537176974078
238 , 23.25 , 59.85 , NaN , 4.492667108699504
239 , 22.100533 , 60.428283 , 6864.427536231884 , 4.835420669543003
240 , 24.40705 , 64.666333 , 6740.242753623188 , 4.12417498896039
245 , 241.72833300000002 , 33.72 , 7081.911439114391 , 0.23020941403064052
246 , 272.79 , 30.403333 , 7104.203846153846 , 4.050291249762457
247 , 172.72194 , -43.60563 , 7398.462809917355 , 2.9414629563908883
248 , 103.791667 , 1.461667 , 7101.234042553191 , 8.024138315154662
249 , 20.384817 , 60.031883 , 6850.561594202899 , 3.9416490264955186
252 , 170.51336 , -45.87868 , NaN , 2.6046818144727095
253 , 32.3 , 31.25 , NaN , 1.3017418542613257
255 , 1.322667 , 51.114389 , 7067.386666666666 , 1.2272395668463465
256 , 242.743333 , 32.866667 , 7097.345454545454 , 2.214495416264981
257 , 357.28725 , 51.507667 , 7052.675324675325 , 4.978327817878826
258 , 334.328592 , 37.735583 , 6974.702830188679 , 2.744686328759307
259 , 172.72194 , -43.60563 , 7036.686746987952 , 2.9414629563908883
260 , 121.0 , 6.066667 , 7078.717948717948 , 3.1060225497942224
265 , 236.23166700000002 , 46.206667 , 6941.865942028986 , 2.4347463507811486
266 , 210.573333 , 60.12 , 7051.458181818181 , 3.768709730362423
267 , 151.8 , -32.916667 , NaN , 4.136344421361705
269 , 113.55 , 22.2 , NaN , 3.785310499919227
270 , 279.0 , 29.233333 , NaN , 4.233046346854744
271 , 10.066667 , 54.933333 , NaN , 2.1674497514075757
284 , 31.050761 , -29.874203 , 7018.664634146341 , 2.473365206843602
285 , 21.214833 , 62.34395 , 6790.731884057971 , 5.062201001092721
286 , 359.812583 , 53.630222 , 7054.830508474576 , 4.206561807472751
288 , 289.258333 , 43.08 , NaN , 2.180717666711678
289 , 20.216667 , 54.95 , NaN , 5.220481010399899
299 , 283.67 , 36.946667 , 7217.717391304348 , 1.7931324097147774
300 , 204.945 , 19.73 , 7123.811111111111 , -0.2914060338813249
302 , 7.554759 , 58.006377 , 7014.700729927007 , 4.4710274418993885
303 , 343.758844 , 28.477182 , NaN , -2.2481282728857073
304 , 140.0 , -37.5 , NaN , 2.256487890002252
310 , 153.361875 , -29.429712 , 6993.639405204461 , 0.6074531722093388
311 , 283.52 , 38.983333 , 7095.059288537549 , 13.235771041738944
312 , 17.425759 , 68.428286 , 6999.655797101449 , -0.9460331809988562
313 , 9.101504 , 63.425224 , 6985.8722627737225 , 4.111347049620235
314 , 353.611028 , 58.207806 , 7034.603375527427 , 2.973540694038779
315 , 27.1792 , 60.562767 , 6944.898181818182 , 5.030035556635842
316 , 278.568333 , 30.393333 , 7161.94623655914 , 5.0121964509862496
317 , 27.483333 , 42.483333 , 6998.604651162791 , 9.43916165754243
318 , 27.916667 , 43.183333 , 7026.75 , 5.498865915334427
319 , 153.583333 , -28.866667 , NaN , -0.18715059012394258
320 , 151.8 , -32.916667 , NaN , 4.136344421361705
321 , 24.8 , 59.45 , NaN , 3.950650077477923
322 , 21.816667 , 58.383333 , NaN , 4.475491581669183
323 , 12.933333 , 55.583333 , NaN , 3.6527557426817574
330 , 12.893611 , 55.522222 , 7074.170289855072 , 3.6527557426817574
331 , 358.254972 , 4.884556 , 7161.131578947368 , 3.9530670827140435
332 , 293.018333 , 44.903333 , 7069.661654135339 , 3.2181995594846566
333 , 114.2 , 22.3 , NaN , 3.45694743699772
334 , 0.72378 , 51.51445 , 7098.452127659574 , 3.03164713443828
335 , 0.366667 , 51.466667 , NaN , 2.543431634197609
336 , 0.083333 , 51.5 , 7079.918032786885 , 2.546793896142604
350 , 358.88875 , 50.80225 , 7072.211764705882 , 3.3001048505121737
351 , 288.673333 , 41.505 , 7166.538181818182 , 4.026350112728563
352 , 16.4417 , 43.5067 , 7108.978260869565 , 4.276732737515594
353 , 14.533333 , 45.3 , 7105.726190476191 , 0.12339772553323715
359 , 139.825 , 34.918889 , 7042.304347826087 , 3.857777270330292
360 , 282.978333 , 38.873333 , 7033.488461538462 , 13.235771041738944
361 , 357.922639 , 57.144056 , 7054.048192771084 , 3.6428338818511277
362 , 286.21833300000003 , 40.793333 , 7139.929411764706 , 1.425773938392939
363 , 279.868333 , 25.768333 , NaN , 2.2114316950429163
364 , 18.55 , 54.533333 , NaN , 4.4099135394647435
365 , 31.366667 , 69.65 , NaN , -4.597071992619982
366 , 285.991667 , 40.466667 , 7181.106060606061 , 1.425773938392939
367 , 289.328333 , 41.523333 , 7097.697318007663 , 1.5666049067123204
368 , 295.296667 , 32.373333 , 7112.219047619048 , 2.565009706897468
369 , 88.3 , 22.55 , 7296.413793103448 , 1.9350014488873915
373 , 22.934933 , 40.632542 , 7039.805668016194 , 0.6293984736153364
374 , 23.626714 , 37.937328 , 6969.297872340426 , 4.188920672508484
375 , 24.412133 , 40.934639 , 6792.739130434783 , 0.626368301844813
376 , 21.425817 , 61.133533 , 6773.365942028986 , 3.88886442814321
377 , 241.5 , 34.008333 , 7035.650735294118 , -3.23007313613692
378 , 235.818333 , 41.745 , 7059.71102661597 , 3.6731421928424477
379 , 28.666667 , 44.166667 , 7007.0 , 4.158414242545336
380 , 332.766667 , 38.65 , 7096.818181818182 , 2.053284855111379
383 , 137.633333 , -33.933333 , NaN , 3.72034712090269
384 , 236.99 , 48.546667 , 7058.463768115942 , 3.6757029373394237
385 , 235.388333 , 48.366667 , 6954.438405797101 , 1.737787940076504
386 , 133.641333 , -32.148944 , 7042.538181818182 , 1.8927690164320048
387 , 287.96666700000003 , 46.583333 , 7161.444444444444 , 3.7721478421172954
389 , 5.35 , 5.35 , NaN , 4.036533119467764
390 , 193.466667 , 53.9 , NaN , 2.5032727801974617
392 , 300.866667 , 47.566667 , 7035.84 , 4.059486713761218
393 , 307.28333299999997 , 47.566667 , 7041.375 , 4.151552728144452
394 , 123.916667 , 10.3 , 7024.667984189723 , -7.188368875193981
395 , 279.098333 , 32.033333 , 7190.422794117647 , 6.123168886669929
396 , 282.046667 , 34.226667 , 7160.736263736264 , 4.48488364792385
397 , 13.643056 , 54.510833 , 7058.699275362319 , 4.354686735627321
398 , 5.633333 , 61.916667 , NaN , 4.2801248023829
399 , 283.706667 , 36.821667 , NaN , 1.7931324097147774
401 , 9.883333 , 58.966667 , NaN , 4.005356165316869
402 , 136.933333 , -33.683333 , NaN , 5.640482521277659
405 , 225.588333 , 58.298333 , 6470.119565217391 , 3.0442188181288383
407 , 138.890278 , 35.017222 , 6959.450549450549 , -1.5473750573039309
408 , 26.141189 , 38.371514 , 6976.068669527897 , 6.584836474624199
409 , 22.9601 , 37.951156 , 6988.464285714285 , 1.115758460855346
410 , 20.756628 , 38.959078 , 7087.244813278008 , 1.7587543050714611
411 , 22.115839 , 37.023678 , 7068.699551569507 , 2.594288979906299
412 , 283.548333 , 38.316667 , 7203.033962264151 , 9.85300874627494
413 , 2.916667 , 51.233333 , 7057.985507246377 , 3.0738413862044975
414 , 83.283333 , 17.683333 , 7123.811688311688 , 5.114672331651233
415 , 298.483333 , 10.65 , NaN , 3.751514615603055
417 , 88.05 , 21.65 , NaN , 0.6689241293044585
418 , 284.853333 , 19.906667 , NaN , 4.926822548709167
420 , 72.3 , 21.8 , NaN , 2.905711639240216
421 , 92.9 , 20.133333 , NaN , -0.3057644751696092
425 , 16.134848 , 69.326067 , 7017.45652173913 , -1.0919072388378017
426 , 224.658333 , 57.051667 , 6941.496376811594 , 3.258382968367341
427 , 296.883333 , 46.233333 , 7070.6640625 , 1.1077041182565976
428 , 276.96833300000003 , 29.135 , 7054.148760330579 , 2.596007107025592
429 , 287.90999999999997 , 41.36 , 7116.345588235294 , 3.7721478421172954
430 , 288.6 , 41.806667 , 7097.844357976654 , 4.026350112728563
431 , 303.75 , -34.9 , 7016.035433070866 , 4.509311989960173
432 , 353.783333 , 53.35 , 7027.724489795918 , 3.73320862279111
433 , 302.15 , -34.483333 , 7110.0 , 9.996816805906523
434 , 305.05 , -34.966667 , 7131.0 , 3.445139894667488
435 , 355.533333 , 54.15 , NaN , 3.86516444352104
436 , 33.95 , 35.116667 , NaN , 4.7421055535438805
437 , 237.701667 , 37.771667 , 7072.6996336996335 , 3.895793501452437
438 , 76.266667 , 9.966667 , 6952.063829787234 , 4.481400655679193
439 , 147.133333 , -9.483333 , NaN , 1.7166803282562573
440 , 268.615 , 29.371667 , NaN , 3.9930406517683052
442 , 29.1 , 70.85 , NaN , -8.223690421229932
443 , 138.166667 , -35.516667 , NaN , 7.259566669400676
444 , 100.583333 , 13.55 , 7384.203065134099 , 6.835539076160991
445 , 220.266667 , 59.548333 , 6602.6277372262775 , 3.0770558230513005
446 , 98.433333 , 7.833333 , 7170.9747899159665 , 1.017563748502893
447 , 265.816667 , 58.766667 , 6932.740740740741 , 4.35963823177537
448 , 138.480728 , -34.779761 , 6970.141818181818 , 22.284630508961612
449 , 100.816667 , 13.15 , 6970.633027522936 , 7.16825193323564
453 , 0.106 , 49.4819 , 7078.653136531365 , 3.7185323832475334
454 , 357.97182 , 48.641102 , 6990.443579766537 , 5.0688402658715
455 , 1.86772 , 50.969399 , 7058.907317073171 , 4.455766684067608
456 , 282.9 , 3.9 , NaN , 1.3352150778244425
457 , 357.8 , 47.27 , 7130.820512820513 , 5.314245153880758
458 , 287.883333 , -17.0 , NaN , 3.131035771973229
459 , 358.933333 , 45.55 , NaN , 5.478724823344305
460 , 141.533333 , 40.533333 , NaN , 5.207491589152476
461 , 132.55 , 33.233333 , NaN , 6.696209278405767
462 , 282.55 , 37.566667 , NaN , 8.0239990463767
463 , 141.966667 , 39.633333 , NaN , 3.3819433459067576
464 , 275.166667 , 9.966667 , NaN , 2.6621852236094816
466 , 358.779264 , 46.158478 , 6995.41592920354 , 4.391341006865435
467 , 358.36437 , 49.651299 , 7109.78102189781 , 3.325005214197895
468 , 2.366698 , 51.048091 , 6987.77973568282 , 2.73018332942881
469 , 358.318377 , 43.395239 , 7002.065789473684 , 4.099656501235792
470 , 3.2 , 51.35 , 7059.412698412699 , 3.3969029677671574
471 , 1.57746 , 50.727501 , 7060.442176870748 , 3.044369357680893
473 , 289.1 , -53.166667 , NaN , 2.2945772784263476
474 , 1.083812 , 49.929096 , 7076.270967741935 , 2.352587874860169
475 , 278.71666700000003 , -4.616667 , NaN , 3.073725592974301
476 , 342.55 , 14.633333 , NaN , 3.3181157959051286
477 , 57.5 , -20.15 , NaN , 3.161088569289653
481 , 283.928333 , 38.575 , NaN , 12.06902422485346
483 , 351.269 , 42.238 , 6905.2 , 3.8069195561204325
484 , 351.60225 , 43.3686 , 7092.022727272727 , 3.268904843250809
485 , 356.2092 , 43.4613 , 7061.65925925926 , 4.621716857446305
486 , 5.11331 , 61.933776 , 6934.692028985507 , 3.7057187864205465
487 , 183.368333 , 51.863333 , 7009.817164179104 , 1.5861754449587404
488 , 354.3974 , 36.0086 , 7030.520146520146 , 5.744176871991137
489 , 2.733333 , 51.15 , 7130.5 , 2.6027656091983378
490 , 354.565027 , 36.12077 , 6964.758620689655 , 5.744176871991137
491 , 173.2 , 52.833333 , NaN , 1.9145720215505517
492 , 137.766667 , -35.25 , NaN , 9.260055623489503
493 , 137.566667 , -33.016667 , NaN , 9.849752332984453
495 , 224.673333 , 59.45 , 7071.421875 , 2.766144460216516
496 , 355.58454 , 36.7127 , 6965.967479674797 , 5.1548715690063
497 , 262.78499999999997 , 26.06 , 7157.757246376812 , 4.936425515048575
498 , 354.68411 , 35.8924 , 6996.323529411765 , 3.3798588102766893
499 , 288.374167 , -33.027222 , 6987.326923076923 , 5.327948567826512
500 , 174.7798 , -41.28434 , 7038.677083333333 , 3.595262945387765
501 , 294.96666700000003 , -42.766667 , 7038.051282051282 , 2.928655365271107
503 , 29.916667 , 31.216667 , 7066.66049382716 , 4.60962251975324
506 , 356.083333 , 35.25 , NaN , 4.2433523661610755
508 , 239.24 , 35.176667 , 7060.27037037037 , -0.225213957546314
509 , 6.151946 , 62.469414 , 6966.152727272727 , 4.11934633084731
510 , 289.595556 , -23.653056 , 7010.265060240964 , 1.8478444782920393
511 , 289.583333 , -23.65 , NaN , 1.8478444782920393
513 , 167.735 , 8.731667 , 7050.3791821561335 , 2.771226004181201
515 , 139.85 , -36.833333 , NaN , 4.642879128075021
516 , 137.75 , -35.083333 , NaN , 14.565489531510053
518 , 144.371389 , 42.975556 , 7260.663043478261 , 6.948553039560552
519 , 288.04 , 41.048333 , 7166.843478260869 , 4.144133858389291
520 , 277.373333 , 27.76 , 7160.494545454545 , 4.3026648169791955
521 , 203.523333 , 20.895 , 7042.672727272728 , 0.9938279052996977
522 , 123.75 , 13.15 , 7269.033613445378 , 3.097794273415721
523 , 182.64 , 28.211667 , 7018.831501831502 , 3.2921146725816213
524 , 31.104015 , 70.374978 , 7036.893536121673 , -8.043396056886161
525 , 291.795 , 44.391667 , 7140.073593073593 , 2.196849036200152
526 , 270.043333 , 29.263333 , 7203.059259259259 , 4.573998772220704
527 , 235.183333 , 49.233333 , 7009.547169811321 , 3.2721316199398265
528 , 151.846667 , 7.446667 , 6892.8421052631575 , 3.2260297715930513
531 , 16.55 , 68.583333 , NaN , -1.6564663968274176
537 , 125.633333 , 7.083333 , 7172.181818181818 , 22.769559418457508
538 , 262.953333 , 28.021667 , 7135.779411764706 , 3.4059844325507447
539 , 189.31 , -14.28 , 7084.780669144981 , 0.15302338813132835
540 , 144.653333 , 13.438333 , 7128.743902439024 , 3.1968195738934226
541 , 14.25 , 78.066667 , 6922.686192468619 , -2.6472850677155835
542 , 311.35 , -28.233333 , NaN , 2.225427092937094
543 , 88.166667 , 22.2 , 7138.649402390438 , 0.5699237684784062
544 , 279.083333 , -2.2 , 6981.791666666667 , 0.31795622585429195
545 , 121.733333 , 25.133333 , 7066.387096774193 , 3.2217327793093644
546 , 145.866667 , 44.016667 , 7051.0 , 3.289216909302785
547 , 14.25 , 78.066667 , 6922.325581395349 , -2.6472850677155835
548 , 120.3 , 16.616667 , NaN , 4.6215923791553575
549 , 151.283333 , -33.833333 , NaN , 2.5284927561527715
552 , 276.96666700000003 , 10.0 , NaN , 4.937814604073657
554 , 233.05 , 50.583333 , NaN , 3.6994829408138443
555 , 279.083333 , -2.2 , NaN , 0.31795622585429195
556 , 325.133333 , -8.05 , NaN , 1.8988135361655194
557 , 272.05 , 15.833333 , NaN , 2.7431901249010995
558 , 272.183333 , 13.333333 , NaN , 3.4500704827182487
559 , 321.516667 , -3.716667 , NaN , 2.2070338946266346
561 , 358.078193 , 43.326578 , NaN , 3.0420365354665644
562 , 14.390813 , 67.28829 , 6986.410909090909 , 0.9597863752904506
563 , 283.875 , 21.108333 , 7056.373188405797 , 1.9069343132740062
564 , 149.233333 , -21.1 , 7010.650909090909 , -8.677310430189982
565 , 344.592391 , 28.146709 , 6987.719696969697 , 3.502645955997204
566 , 214.248333 , 60.558333 , 7150.896678966789 , -1.1796871406456702
567 , 207.488333 , 57.731667 , 6819.531135531135 , 2.1417150504704243
568 , 342.231314 , 28.672022 , 7029.1421319796955 , 3.5261048473426544
569 , 128.916667 , 71.583333 , 7036.588785046729 , -4.4062836001887495
571 , 286.9 , -36.683333 , 6986.261992619926 , 2.65131238818318
572 , 284.45 , 10.4 , NaN , 1.821507520771603
574 , 137.783333 , -32.55 , NaN , 12.811968738343873
575 , 188.283333 , -2.8 , NaN , 2.969011640849409
577 , 289.3 , 19.816667 , NaN , 2.6696829580622814
578 , 321.483333 , -12.966667 , NaN , 2.3194071194508448
579 , 316.866667 , -22.933333 , NaN , 2.554004468355451
580 , 311.5 , -1.45 , NaN , -3.0573240600368186
581 , 280.45 , 8.918334 , NaN , 4.427427441334212
583 , 287.65 , 18.566667 , NaN , -0.29269959608187357
585 , 342.233612 , 28.679722 , NaN , 3.5261048473426544
589 , 312.616667 , -0.65 , NaN , 7.629277926599519
590 , 344.574312 , 28.136327 , NaN , 3.502645955997204
593 , 346.469942 , 28.971864 , 6927.990338164252 , 3.0706965071830092
595 , 166.616667 , 19.29 , 7083.77037037037 , 2.644761817799969
596 , 70.216667 , 23.016667 , 7067.124087591241 , 17.2887256519456
597 , 283.5 , 37.246667 , 7092.2 , 6.377291970947793
598 , 190.47 , 16.738333 , 7005.023041474655 , 1.756069794942994
599 , 61.7 , 69.75 , 7096.578947368421 , 1.516127290602196
600 , 64.516667 , 69.25 , 7056.008771929824 , 2.2239940177101847
601 , 104.3 , 77.716667 , 7032.830188679245 , -10.659820073512401
602 , 138.9 , 74.666667 , 7028.0859375 , -7.754659748681249
603 , 143.233333 , 73.183333 , 7001.348314606742 , -8.078893664856368
604 , 162.3 , 69.616667 , 7152.626262626262 , -7.417963011553582
605 , 166.583333 , 69.5 , 7057.950819672131 , -4.466775449996463
606 , 170.25 , 69.7 , 7069.158415841584 , -3.9236877742465452
607 , 184.166667 , 67.833333 , 7085.277777777777 , 5.089720450953315
608 , 181.516667 , 70.983333 , 7118.529411764706 , -0.6702502259706622
609 , 52.7 , 72.366667 , 7083.362831858407 , 0.5690667228556542
610 , 119.866667 , 73.0 , 7237.076923076923 , -5.254795718204332
611 , 80.4 , 73.5 , 7115.046728971963 , -3.942301577540285
612 , 88.9 , 75.416667 , 7012.684563758389 , -8.352868171704385
613 , 188.066667 , 66.966667 , 7067.037037037037 , 4.120976916529362
614 , 119.6 , 39.9 , 7082.25 , 3.595933891806882
615 , 94.766667 , 76.266667 , 7096.190476190476 , -10.076779692974071
616 , 180.633333 , 68.9 , 7025.0 , 1.9890093571850826
617 , 190.866667 , 65.85 , 7102.0 , 4.06392512461996
618 , 289.666667 , -18.466667 , NaN , 8.564911877982459
619 , 289.166667 , -27.066667 , NaN , 3.697509736828682
620 , 106.816667 , 78.083333 , NaN , -11.339146955107719
621 , 185.35 , 67.483333 , NaN , 4.312174527609269
622 , 60.75 , 69.816667 , NaN , 1.8739798814799182
627 , 136.85 , 34.466667 , NaN , 4.171010473433372
630 , 235.08333299999998 , 49.666667 , NaN , 3.2721316199398265
631 , 137.766667 , -35.8 , NaN , 4.314241781062007
634 , 25.152692 , 35.348475 , 7132.032258064516 , 2.1947335661608585
635 , 140.891944 , 36.9375 , 6873.0524344569285 , 2.9966146697483533
636 , 284.011667 , 37.165 , 7055.1648351648355 , 3.4489101212842934
637 , 146.833333 , -19.25 , 6958.844202898551 , 4.383575772831737
638 , 338.060111 , 64.150583 , 7088.659420289855 , 2.745492012560684
639 , 281.266667 , 1.833333 , NaN , 4.330097266290565
640 , 124.5 , 73.933333 , 7050.925925925926 , -5.077932275022947
641 , 137.866667 , 76.0 , 7091.231343283582 , -7.614563349426925
642 , 139.866667 , 73.333333 , 7006.630036630037 , -6.39348726938983
643 , 15.55 , 54.183333 , 7018.178571428572 , 4.208684035374801
644 , 16.866667 , 54.583333 , 6999.297619047619 , 4.463299545758725
645 , 18.416667 , 54.8 , 6988.535714285715 , 4.562668992285529
646 , 110.75 , 76.8 , 7096.5 , -9.85849034146376
647 , 68.55 , 76.95 , 7086.666666666667 , -3.587497046511919
648 , 101.516667 , 77.6 , 7077.6 , -10.885988467061427
649 , 130.033333 , 71.55 , 7093.823529411765 , -5.589309938374425
650 , 162.483333 , 70.633333 , 7099.333333333333 , -3.307814547443629
651 , 59.083333 , 70.45 , 7068.888888888889 , 2.6147056890086233
652 , 112.933333 , 74.666667 , NaN , -5.585747365229578
653 , 70.05 , 73.333333 , 7115.046728971963 , -0.04137977301180165
654 , 79.566667 , 72.316667 , NaN , -3.0690051759503
655 , 96.433333 , 77.166667 , 6915.0 , -8.68886224590216
656 , 103.266667 , 78.2 , NaN , -10.482778583370045
657 , 140.733333 , 72.833333 , NaN , -7.38975824901013
658 , 142.116667 , 74.883333 , NaN , -7.601194125029936
661 , 129.3 , 34.2 , NaN , 3.923112719653631
662 , 186.766667 , 64.416667 , NaN , 2.537347747564455
663 , 135.4 , 35.483333 , NaN , 3.702738739304104
664 , 125.0 , 11.25 , NaN , -6.043965921601069
665 , 162.35 , 11.366667 , NaN , 2.9334987922931828
667 , 113.433333 , 75.533333 , NaN , -4.599615793287068
668 , 277.133333 , 8.266667 , NaN , 4.809267803403891
669 , 131.8 , 34.033333 , NaN , -9.303082807103769
670 , 15.65 , 38.1 , NaN , 3.3098104937915815
671 , 140.716667 , 41.766667 , NaN , 4.646747442926632
672 , 129.716667 , 33.166667 , NaN , 1.8742690131562256
673 , 139.766667 , 35.666667 , NaN , 3.162161051371203
674 , 141.466667 , 38.433333 , NaN , 3.8908161386382933
677 , 138.516667 , -35.033333 , NaN , 20.07534292825269
679 , 141.15 , 41.25 , 7043.131868131868 , 4.01875838079437
680 , 18.961323 , 69.647424 , 7004.036231884058 , -1.1300833468766092
681 , 16.548236 , 68.801261 , 6985.021818181818 , -1.6564663968274176
682 , 7.734352 , 63.113859 , 7004.458181818181 , 3.397381064923533
683 , 145.915 , -41.050083 , 7032.145454545454 , 4.489633837304884
684 , 33.05 , 68.966667 , 7110.988372093023 , 2.510263722080777
685 , 16.391667 , 43.508333 , 7041.038043478261 , 4.276732737515594
686 , 260.083333 , 16.833333 , 7306.418181818181 , 3.0603029212215915
687 , 33.05 , 68.966667 , 7100.280373831775 , 2.510263722080777
688 , 236.55 , 48.766667 , NaN , 3.605705950868246
689 , 264.8 , 16.166667 , NaN , 5.863750037333032
690 , 270.333333 , 21.3 , 7090.0 , 3.52451840705537
692 , 265.583333 , 18.15 , NaN , 3.345096132176174
693 , 249.1 , 27.916667 , NaN , 3.411395393459144
695 , 249.65 , 24.166667 , NaN , -0.6118003342724581
696 , 74.833333 , 12.85 , NaN , 5.628014983266662
699 , 321.03333299999997 , -15.666667 , NaN , 4.368174230896226
701 , 135.191389 , 34.144167 , 6947.949275362319 , 6.007937209434667
703 , 8.595556 , 57.118889 , 7097.56884057971 , 3.897746331651502
704 , 76.983333 , 79.5 , 6997.522522522522 , -2.0683417937816335
707 , 82.2 , 77.5 , 6908.888888888889 , -1.7744570012241418
708 , 175.766667 , 69.883333 , 7034.5161290322585 , -1.8000820349496776
709 , 136.416667 , 71.516667 , 6940.0 , -6.017737171794165
710 , 62.583333 , 76.183333 , 6980.0 , -1.4821174603964513
711 , 62.583333 , 76.2 , NaN , -1.4821174603964513
712 , 253.58333299999998 , 23.2 , NaN , 4.161363623916602
714 , 287.083333 , 11.55 , NaN , 3.5334920067612505
716 , 278.383333 , 30.35 , NaN , 5.0121964509862496
717 , 241.883333 , 33.75 , NaN , 2.0072331848743215
719 , 283.266667 , 34.716667 , NaN , 4.055752349475988
721 , 140.859167 , 40.8975 , 7044.86496350365 , 2.6944719925786385
722 , 139.651389 , 35.288056 , 7180.836956521739 , 1.0038739629858613
723 , 121.683333 , 38.866667 , 7074.8154981549815 , 1.6534837439710073
724 , 103.833333 , 1.466667 , 6867.175373134329 , 8.024138315154662
725 , 264.691667 , 28.948333 , 7036.107954545455 , 3.875947824969255
726 , 312.066667 , -25.016667 , 7015.96644295302 , 1.9212063406934559
727 , 118.066667 , 24.45 , 7030.9857142857145 , -0.351441944608869
728 , 82.95 , 75.95 , 6994.646840148699 , -3.8896466926755005
729 , 90.616667 , 79.55 , 7008.064516129032 , -7.581205391516132
730 , 167.983333 , 69.933333 , 7053.518518518518 , -3.8137487410341464
731 , 121.383333 , 37.533333 , 6947.0 , 5.11292705843928
732 , 67.583333 , 71.416667 , 6924.0 , -1.0385779303450775
734 , 89.2 , 77.15 , 7103.333333333333 , -7.152186298670115
735 , 132.766667 , 71.95 , 7083.333333333333 , -6.025446910598232
736 , 109.733333 , 73.65 , NaN , -3.5938938596344236
737 , 255.66666700000002 , 19.05 , NaN , 4.3942731325673865
738 , 98.833333 , 78.6 , NaN , -10.200849562665642
741 , 129.833333 , 72.066667 , NaN , -2.9692623119307275
742 , 1.292139 , 51.948 , NaN , 2.1025203102496715
744 , 283.15 , 17.933333 , NaN , 2.46841617007652
745 , 288.916667 , 18.2 , NaN , -5.572426279079837
746 , 97.566667 , 16.083333 , NaN , 7.182833149739243
747 , 97.616667 , 16.483333 , NaN , 9.50610845574872
749 , 132.533333 , 34.233333 , NaN , -8.726397163184132
752 , 139.545833 , 38.563333 , 7086.12213740458 , 2.2438489612826706
753 , 138.508333 , 37.356667 , 7031.479400749064 , 4.329561791651117
754 , 1.750111 , 52.473111 , 7086.49815498155 , 3.547886305462288
755 , 355.093667 , 55.749806 , 7080.980158730159 , 3.164899931047639
756 , 200.645 , 21.953333 , 7011.789473684211 , 0.6685030029620975
757 , 193.463333 , 53.88 , 6820.941818181818 , 2.5032727801974617
758 , 23.683227 , 70.664641 , 6958.536496350365 , -5.6221322804570795
759 , 292.955 , 17.97 , 7064.878676470588 , 2.5239890108371945
760 , 18.0633 , 42.6583 , 7127.35401459854 , 6.166507437790059
761 , 13.6283 , 45.0833 , 7090.613138686132 , 5.08543949347991
762 , 11.348611 , 54.655833 , 7094.430555555556 , 2.7765357922510034
763 , 351.601113 , 43.364347 , 7072.706896551724 , 3.268904843250809
764 , 305.85 , -34.65 , 7078.833333333333 , 3.2662923787478886
765 , 356.983333 , 53.4 , NaN , 4.9699534831199585
766 , 242.118333 , 33.603333 , NaN , 2.0072331848743215
767 , 72.566667 , 70.366667 , NaN , -0.7818444594769298
768 , 264.233333 , 18.766667 , NaN , 1.036623390329692
770 , 70.366667 , 20.9 , NaN , 8.11213111026072
771 , 281.366667 , -9.083333 , NaN , 3.677579925432889
772 , 143.366667 , 44.35 , NaN , 2.83124634354674
775 , 289.5 , 41.766667 , NaN , 1.5793852540851079
776 , 289.383333 , 41.741667 , NaN , 1.5666049067123204
777 , 269.183333 , 13.916667 , NaN , 2.5107803226850556
779 , 273.96666700000003 , 16.016667 , NaN , 2.29355918716396
781 , 13.2 , 65.85 , NaN , 1.3686501398629878
782 , 297.916667 , 10.616667 , NaN , 2.954233168791277
783 , 130.95 , 33.966667 , NaN , -4.74742441376636
786 , 284.426667 , 39.558333 , 7105.571428571428 , 0.2652747283540315
787 , 173.27278 , -41.2613 , 7070.4 , -1.8315127977023982
788 , 7.421497 , 43.728847 , 6998.326633165829 , 4.922796878398106
789 , 10.156944 , 54.372222 , 7030.655797101449 , 2.33659010276172
790 , 118.666667 , 73.55 , 7030.961538461538 , -4.622321965731049
791 , 351.3 , 41.183333 , 7072.036585365854 , 4.13135803421028
792 , 170.933333 , 70.083333 , 7235.0 , -6.01272939529803
793 , 250.95 , 25.6 , NaN , 3.833716113553031
795 , 243.366667 , 31.85 , NaN , 2.385593152290346
796 , 268.15 , 18.633333 , NaN , 4.835214641407562
797 , 150.75 , 71.416667 , 7004.615384615385 , -5.292448164901927
799 , 153.083333 , -30.316667 , NaN , 0.9074007462872684
801 , 202.533333 , 1.983333 , NaN , 3.0335693788288585
802 , 356.833333 , 55.983333 , NaN , 4.522299903119862
803 , 12.216667 , 65.483333 , NaN , 2.374275417568465
804 , 72.233333 , 21.75 , NaN , 2.760581425418594
808 , 138.5175 , 35.011667 , 7504.832116788321 , -2.3584324007599617
809 , 134.587778 , 34.009167 , 7046.93115942029 , 5.049327853715645
810 , 130.451389 , 32.623056 , 7049.066666666667 , -0.939658442863597
811 , 133.243056 , 35.547778 , 7113.152727272727 , 4.551991951225747
812 , 133.949444 , 34.488611 , 7197.3003663003665 , -1.5005969663726095
813 , 140.724722 , 41.781667 , 6931.728260869565 , 4.646747442926632
814 , 131.409444 , 31.576944 , 7005.916666666667 , 0.5447298381477594
815 , 132.958889 , 32.779167 , 7015.373188405797 , 1.50320373460176
816 , 135.145556 , 34.221667 , 6958.760869565217 , 6.007937209434667
817 , 135.178056 , 34.338889 , 7042.137037037037 , 5.337297985619066
818 , 159.066667 , -31.516667 , 7017.229249011858 , 2.835884150320813
819 , 302.483333 , -38.033333 , 7064.2235294117645 , 3.874703305905228
820 , 25.629722 , -33.951111 , 7061.139534883721 , 3.617785212693391
821 , 167.953611 , -29.058333 , 7010.349794238683 , 3.176801787714863
822 , 153.166667 , -27.366667 , 7280.949090909091 , 0.8632226319399329
823 , 202.21 , 21.431667 , 6983.224264705882 , 0.9666418727389993
824 , 158.65 , 52.983333 , 7090.589743589743 , 3.736754636628112
825 , 151.313667 , -23.853833 , 7040.625468164794 , 5.871019520190597
826 , 18.440139 , -34.187778 , 7079.394444444444 , 4.339469721198152
827 , 150.716667 , 59.55 , 7023.734126984127 , 2.6648394519789522
828 , 265.21166700000003 , 29.285 , 7110.932126696833 , 3.895450833490786
829 , 227.933333 , 53.25 , 7031.62962962963 , 2.0700954314033537
830 , 358.859694 , 60.154028 , 7039.263636363637 , 4.224287083719523
831 , 150.911861 , -34.47375 , 7109.501818181819 , 1.9070244963195193
832 , 301.6 , -34.566667 , 7035.474637681159 , 8.724809245267918
833 , 149.907739 , -37.07366 , 7052.1845018450185 , 0.8386312766694728
834 , 115.659972 , -33.323444 , 6883.492700729927 , 5.041826702895978
835 , 140.833333 , -17.5 , 6923.625 , 1.3114320620332125
836 , 16.867778 , -29.256667 , NaN , 6.98069871135302
837 , 151.788583 , -32.924 , 7048.224637681159 , 4.136344421361705
838 , 147.340953 , -42.877328 , 6895.411522633744 , 0.3916811187013562
839 , 353.233333 , 62.016667 , 7030.62676056338 , 3.422756920950839
840 , 226.966667 , 54.25 , 7010.181818181818 , 0.9300882890403165
841 , 106.8 , 20.666667 , 7005.214285714285 , -1.2852792490937062
842 , 235.58333299999998 , 48.55 , 6992.604166666667 , 1.7809577366855558
843 , 328.883333 , 39.45 , 6827.673469387755 , 3.48093839962187
844 , 275.833333 , 9.4 , NaN , 2.560672029141196
845 , 130.95 , 33.966667 , 6890.166666666667 , -4.74742441376636
846 , 135.183333 , 34.683333 , NaN , 5.387086234196037
847 , 134.05 , 34.35 , NaN , 0.10807805097187465
848 , 286.923333 , 40.95 , NaN , 3.3739278646776856
852 , 166.433333 , -22.3 , NaN , 3.7168531239039333
856 , 286.21833300000003 , 40.893333 , NaN , 1.425773938392939
857 , 302.46666700000003 , -38.033333 , NaN , 3.874703305905228
858 , 297.133333 , -64.9 , NaN , 2.137529390945345
859 , 60.216667 , 69.6 , NaN , 2.2707818756350533
860 , 136.883333 , 35.083333 , NaN , 1.9926180540724605
861 , 354.083333 , 54.6 , NaN , 3.286041803174775
862 , 281.115 , 33.683333 , NaN , 5.703326309105834
863 , 265.116667 , 74.683333 , NaN , -5.186026433136296
864 , 301.75 , -34.183333 , NaN , 10.22793753654696
866 , 18.433333 , -33.916667 , NaN , 7.009078746042126
867 , 295.71666700000003 , -42.583333 , NaN , 2.257371638102
868 , 130.566667 , 31.6 , NaN , -2.105431248876486
869 , 142.766667 , 42.166667 , NaN , 5.676647017419971
870 , 297.933333 , -38.933333 , NaN , 3.2416033240492053
871 , 140.666667 , -38.0 , NaN , 0.45638829788175533
872 , 135.183333 , 35.533333 , NaN , 3.702738739304104
873 , 15.3 , 36.666667 , NaN , -1.2246173374433913
874 , 291.78333299999997 , -54.816667 , NaN , 0.25913471237697006
875 , 287.8 , 41.166667 , NaN , 3.7721478421172954
876 , 139.116667 , 34.966667 , NaN , 0.32627283674576935
877 , 337.566667 , 63.833333 , NaN , 2.8846837010455344
879 , 140.866667 , 35.733333 , NaN , 6.80298514220477
880 , 132.7 , 33.866667 , NaN , -15.046528758643687
881 , 139.766667 , 35.666667 , NaN , 3.162161051371203
882 , 17.983333 , -32.716667 , NaN , 3.373938032748828
883 , 241.45 , 33.0 , NaN , 1.841913536388673
886 , 295.333333 , 32.366667 , NaN , 2.565009706897468
887 , 129.5 , 28.383333 , NaN , 2.9170191832949883
897 , 302.1 , -34.85 , NaN , 3.2969301876409927
910 , 22.135278 , -34.178611 , NaN , 2.634258049169285
911 , 15.155 , -26.643333 , NaN , 2.6400686086674128
912 , 130.966667 , 33.95 , 7038.5901639344265 , -4.74742441376636
913 , 295.74258299999997 , -65.246233 , 6975.521897810219 , 2.351994267115721
914 , 14.498544 , -22.949306 , 6975.6140350877195 , 6.805184746802486
916 , 352.666667 , 55.366667 , 7046.553571428572 , 4.215672752575044
917 , 82.7 , 71.866667 , 7047.561983471074 , -1.9158507578341628
918 , 262.666667 , 21.0 , NaN , 2.782074285249384
919 , 262.848333 , 26.068333 , NaN , 4.936425515048575
920 , 266.146667 , 29.705 , NaN , 2.2992033493498623
921 , 236.26666699999998 , 48.366667 , NaN , 3.5852074571874186
922 , 262.95 , 27.826667 , NaN , 3.35690408746299
923 , 284.8 , -15.366667 , NaN , 4.148300670610108
926 , 48.283333 , -13.4 , NaN , 2.7114459733700573
927 , 270.383333 , -0.9 , NaN , 3.2633602567031357
928 , 19.233333 , -34.433333 , NaN , 2.886265972310695
930 , 57.75 , -20.366667 , NaN , 3.394822959232425
933 , 111.816667 , 21.583333 , 7041.150735294118 , 4.510125919983213
934 , 121.283333 , 28.083333 , 7001.824626865671 , -1.253960376769032
935 , 130.845861 , -12.471778 , 7075.655797101449 , -1.4234826581350546
936 , 357.07975 , 54.031833 , 7005.200913242009 , 4.3061749867651224
937 , 152.833333 , 76.15 , 7112.5 , -7.127505838812687
938 , 11.833333 , -4.783333 , NaN , 2.800853153534743
939 , 355.01625 , 52.013222 , NaN , 4.522323291902518
944 , 355.833333 , 57.683333 , NaN , 2.392671676901749
945 , 284.03333299999997 , 36.85 , NaN , 1.7931324097147774
950 , 23.045556 , -34.049444 , NaN , 2.642681823251549
951 , 288.116667 , 46.683333 , 6713.189781021898 , 4.144133858389291
952 , 139.75 , 35.633333 , 7015.2032967032965 , 3.162161051371203
953 , 145.783333 , -16.916667 , 6993.626811594203 , -0.332961880386684
954 , 126.375556 , 34.779722 , 7104.907749077491 , 0.5733418695953727
955 , 129.035556 , 35.096111 , 7067.742753623188 , 4.602967060384129
956 , 126.592222 , 37.451944 , 7001.668032786885 , -1.9070286396890879
957 , 117.892556 , -35.033722 , 7006.471698113208 , 2.3738784169918805
958 , 3.69911 , 43.397598 , 6931.188596491228 , 4.226108953435131
959 , 126.716667 , 35.983333 , NaN , 3.6857150291215697
960 , 359.518771 , 38.33892 , 7087.962962962963 , 2.416745633093359
967 , 356.083333 , 51.616667 , NaN , 4.435941768679872
970 , 128.65 , 35.15 , NaN , 4.833513818426444
971 , 283.46666700000003 , 38.133333 , NaN , 7.047431540508252
972 , 14.4 , 42.35 , NaN , 3.5359059693456523
973 , 269.166667 , 13.916667 , NaN , 2.5107803226850556
978 , 176.18495 , -37.63165 , 7020.092592592592 , 2.7103214419253594
979 , 121.616667 , 32.133333 , 7045.493617021277 , -3.758930116891861
980 , 5.91472 , 43.112898 , 7021.656370656371 , 4.52433272297571
981 , 354.6351 , 36.148256 , 7022.187096774193 , 5.744176871991137
982 , 355.81475 , 50.368389 , 7079.39453125 , 3.4586089795451493
983 , 96.894417 , -12.116694 , 7050.443636363636 , 2.768977674071343
984 , 231.866667 , 52.166667 , 7019.837638376383 , 4.510292339977206
985 , 353.7138 , 36.5401 , 6928.817164179104 , 2.8464244706320074
986 , 32.566667 , -25.966667 , 6965.771428571428 , 2.4456716238555085
987 , 114.0 , 22.233333 , 7097.354838709677 , 3.815782150486484
988 , 303.083333 , -63.3 , 7025.0 , 2.066122590792629
990 , 18.5 , 40.133333 , NaN , 3.9176508734268487
993 , 171.2 , -42.45 , NaN , 3.057046329606992
994 , 289.733333 , -52.9 , NaN , 2.4731497752330847
996 , 174.03439 , -39.05618 , 7026.924369747899 , 3.071144440443088
997 , 129.387222 , 35.501944 , 7100.193430656935 , 1.604963362585964
998 , 171.25613 , -44.39414 , 7075.977142857143 , 4.110647437650324
999 , 289.183333 , 47.0 , 7060.904411764706 , -0.34363509788406343
1000 , 227.033333 , 69.416667 , 7122.336633663366 , -9.751747295494331
1001 , 293.885 , 18.458333 , 7106.544444444445 , 2.720497282054978
1002 , 88.4 , 22.983333 , 7819.384615384615 , 1.9350014488873915
1003 , 105.766667 , 18.8 , 6973.912698412699 , -0.23437584458217728
1004 , 171.59467 , -41.7456 , 6927.090909090909 , 4.374414633378554
1005 , 287.6 , 46.433333 , 7017.086956521739 , 3.5805516395243413
1006 , 102.483333 , 79.433333 , 7075.0 , -8.122945529920788
1007 , 127.45 , 39.166667 , NaN , 2.4792123754631796
1009 , 13.72455 , 45.54811 , NaN , 0.2855056455196321
1011 , 270.166667 , 13.566667 , 7005.929292929293 , 1.8347595820400011
1012 , 58.05 , 80.616667 , 6995.569620253164 , -6.732012989421646
1013 , 240.558333 , 34.348333 , NaN , -2.652897264050344
1015 , 263.5 , 15.5 , NaN , 3.2004301211322255
1018 , 129.5 , 28.383333 , NaN , 2.9170191832949883
1019 , 128.883333 , 73.15 , NaN , -5.6624608100666025
1020 , 262.2 , 22.25 , NaN , 3.31355730082921
1023 , 132.55 , 34.233333 , NaN , -8.726397163184132
1026 , 136.823611 , 34.903889 , 6836.119565217391 , 1.5166871590657327
1027 , 140.858056 , 43.209444 , 7085.434782608696 , 4.061904071021895
1028 , 132.464722 , 34.353056 , 7154.208791208791 , -10.288299356042495
1029 , 298.3 , 56.55 , 6914.427480916031 , 3.2233974639230003
1030 , 343.086933 , 32.644 , 6974.034285714286 , 1.7435795821129776
1031 , 114.601889 , -28.775972 , 7003.298181818182 , 5.263039143723084
1032 , 316.833333 , -22.896667 , 6943.329710144928 , 2.554004468355451
1033 , 145.224694 , -38.372139 , 6921.952898550725 , 3.0891693834894127
1034 , 114.183889 , 22.4425 , 6970.77205882353 , 3.45694743699772
1036 , 8.383333 , 54.616667 , 7063.992727272727 , 3.3944889768092663
1037 , 6.747778 , 53.5575 , 7036.851449275362 , 3.535944438926032
1038 , 262.578333 , 26.553333 , 6998.245283018868 , 3.152369352022981
1044 , 301.633333 , 49.1 , NaN , 3.6038806649704163
1049 , 0.0 , 5.616667 , NaN , 3.293307122789798
1051 , 356.234459 , 43.466242 , NaN , 4.621716857446305
1053 , 297.71666700000003 , 10.566667 , NaN , 2.954233168791277
1054 , 40.733333 , -15.033333 , NaN , 2.112786008790794
1057 , 286.566667 , -39.866667 , NaN , 2.1874214469165243
1060 , 139.480833 , 34.067222 , 7172.307692307692 , 3.8867371883419044
1061 , 139.131667 , 34.209167 , 7021.040145985401 , 3.900958055271745
1062 , 132.712222 , 33.858889 , 6936.0329670329675 , -15.046528758643687
1064 , 138.883333 , 34.616667 , 7012.912087912088 , 1.3709452463849887
1065 , 174.35003 , -35.75743 , 7065.587044534413 , 1.4590543035180572
1066 , 126.543056 , 33.5275 , 7109.639405204461 , 3.5197500964925394
1067 , 210.11 , 61.238333 , 7075.238095238095 , 5.481583294722269
1068 , 286.818333 , 41.173333 , 7018.913857677902 , 3.3739278646776856
1069 , 138.635403 , -35.562481 , 6962.295202952029 , 8.124055335088688
1070 , 208.28 , 59.44 , 6782.638376383764 , 2.078738402803692
1071 , 232.51666699999998 , 50.716667 , 7056.683823529412 , 4.029544434259769
1072 , 78.2 , 8.75 , 7110.525773195876 , 4.179692353357512
1074 , 356.55 , 56.016667 , 6956.666666666667 , 4.609313104971628
1075 , 19.083333 , 42.083333 , NaN , -0.30652677538455464
1078 , 357.75 , 47.133333 , NaN , 3.6546372976769113
1080 , 271.383333 , 15.7 , NaN , 3.7193666900648683
1081 , 292.78333299999997 , 44.65 , NaN , 1.4480493545866098
1082 , 302.135069 , -51.690339 , NaN , 2.7489652028878413
1084 , 233.216667 , 52.366667 , NaN , 3.6994829408138443
1087 , 2.62 , 39.55 , NaN , 4.333573845368898
1089 , 137.608889 , 34.681944 , 6905.373188405797 , 4.375427812381806
1090 , 135.896389 , 33.558333 , 7080.039855072464 , 3.1740708607971237
1091 , 139.391389 , 34.789444 , 6902.188405797101 , 2.155629032761526
1093 , 139.255 , 38.467778 , 7088.38768115942 , 1.2162327949498024
1094 , 130.407778 , 33.618889 , 7066.061818181818 , 0.6961245545985634
1095 , 133.331111 , 36.201389 , 7026.5 , 4.706769706505649
1096 , 130.992222 , 30.735 , 7021.72 , 0.605229380856848
1097 , 130.689167 , 31.023611 , 7003.105839416058 , -1.6594629866545492
1098 , 134.906667 , 34.340556 , 7095.332103321033 , 5.337297985619066
1099 , 135.432778 , 34.658056 , 7118.449275362319 , 5.2628644131879625
1100 , 129.866111 , 32.735 , 7034.090909090909 , 0.8946026187776676
1101 , 128.849444 , 32.696111 , 7057.527472527472 , 4.008722554843978
1102 , 130.220556 , 32.976667 , 7094.419708029197 , -1.8117199397979762
1103 , 141.685278 , 45.407778 , 7102.036231884058 , 2.2158478990906656
1104 , 144.285833 , 44.019444 , 7074.321167883211 , 2.9903361845743968
1105 , 129.847778 , 29.841944 , 7135.058394160584 , 3.2737678484024726
1106 , 278.13 , 26.646667 , 7045.265306122449 , 5.031596888164234
1107 , 278.193333 , 26.131667 , 7076.3233082706765 , 6.237484372329661
1108 , 129.116389 , 37.550278 , 7091.168498168498 , 3.039684856336845
1109 , 356.913694 , 58.440972 , 6982.626506024097 , 1.6388225936735015
1110 , 297.68 , 82.49 , 6937.5526315789475 , -0.29373012183101843
1111 , 289.903333 , 41.285 , 7118.303370786517 , 1.4500935317372974
1112 , 354.842111 , 57.89525 , 7147.034615384616 , 2.063639186468071
1113 , 9.856379 , 58.995212 , 7002.365942028986 , 4.005356165316869
1114 , 121.895361 , -33.870889 , 7069.381818181818 , 4.5051198703663005
1115 , 113.651028 , -24.898694 , 6924.784671532847 , 4.425871221552919
1116 , 128.101028 , -15.453278 , 6899.140221402214 , -1.624129066718215
1118 , 146.362431 , -41.184692 , 7035.625 , 5.0059248067280455
1121 , 297.3 , 45.683333 , 7057.473684210527 , 0.35781549447422567
1122 , 292.383333 , -54.916667 , NaN , 0.25913471237697006
1128 , 76.85 , 69.083333 , NaN , -4.672391278264399
1132 , 254.933333 , 69.116667 , NaN , -6.8019085488453515
1136 , 275.816667 , 30.066667 , NaN , 4.690324017615497
1137 , 12.633333 , 66.016667 , NaN , 0.9482988423749119
1138 , 295.166667 , 46.966667 , NaN , 6.537027028411241
1140 , 141.716667 , 39.066667 , NaN , 2.028785979876049
1142 , 130.3 , 31.266667 , NaN , -2.105431248876486
1143 , 298.133333 , 47.383333 , NaN , 4.0536066985009285
1146 , 136.207222 , 34.076389 , 6858.311594202899 , 1.8923188252198808
1147 , 129.723889 , 33.158056 , 7095.394927536232 , 1.8742690131562256
1148 , 134.315833 , 35.593611 , 7083.96 , 8.786254538583377
1149 , 141.975278 , 39.643056 , 7123.643171806168 , 3.3819433459067576
1150 , 135.375278 , 33.683611 , 7000.748175182482 , 4.600493458279778
1151 , 127.665278 , 26.213333 , 7060.625454545455 , 3.293522607138653
1152 , 236.55 , 48.65 , 6990.920289855072 , 3.6451935160351603
1153 , 285.04 , 38.968333 , 7193.276363636363 , 2.4166222198049203
1154 , 152.383333 , -24.766667 , 6731.326086956522 , -0.7944667551728001
1155 , 127.765556 , 34.747222 , 7002.3646616541355 , 0.1838626460620325
1156 , 271.925 , 30.25 , 7006.06511627907 , 2.6841305008538083
1157 , 141.866667 , -12.666667 , 6965.525362318841 , 0.21786644958170517
1158 , 293.866667 , 43.833333 , 7041.5019305019305 , 1.9662777054725427
1159 , 122.218639 , -18.000833 , 6979.45652173913 , 9.663863169146868
1160 , 136.415583 , -13.860056 , 7084.701886792453 , -0.9558942889298295
1161 , 86.7 , 20.266667 , 7025.887804878049 , 3.8395628805068007
1162 , 277.53333299999997 , 23.1 , 7131.248554913294 , 4.3901911944003755
1164 , 152.183333 , -4.2 , 7209.847457627118 , 1.8385610732311417
1179 , 207.518333 , 57.745 , NaN , 2.1417150504704243
1182 , 279.03666699999997 , 29.146667 , NaN , 4.233046346854744
1183 , 103.85 , 1.266667 , NaN , 8.024138315154662
1184 , 133.583333 , 33.5 , NaN , -0.7981509237356905
1187 , 278.96666700000003 , 24.733333 , NaN , 3.934935729430092
1190 , 136.148889 , 36.254722 , 7093.534351145038 , 4.338170087968773
1191 , 140.249444 , 35.129444 , 7113.276515151515 , 3.330614250109373
1192 , 27.931667 , -33.027222 , NaN , 2.07784673997491
1193 , 275.018333 , 29.726667 , 6938.677777777778 , 4.694730813465661
1194 , 140.95 , 42.35 , 7057.448087431694 , 4.4922032909037295
1195 , 18.434722 , -33.905278 , NaN , 7.009078746042126
1196 , 235.95833299999998 , 44.625 , 7054.195652173913 , 5.793297612986897
1197 , 9.986944 , 54.995 , 7100.261904761905 , 3.0629916449532106
1199 , 293.516667 , 49.133333 , 6981.125 , 5.843380439765471
1200 , 72.566667 , 70.15 , NaN , -0.45124319771552535
1201 , 268.083333 , 14.283333 , NaN , 3.5958825661756872
1203 , 283.445 , 38.958333 , NaN , 13.235771041738944
1209 , 132.550278 , 34.240556 , 7039.231884057971 , -8.726397163184132
1210 , 131.802778 , 34.040833 , 7027.634057971014 , -9.303082807103769
1211 , 17.531111 , 62.363333 , 6881.909420289855 , 4.273755740487447
1212 , 132.551111 , 33.227222 , 6979.959706959707 , 6.696209278405767
1213 , 295.616667 , 49.0 , 7053.836653386455 , 5.684536732602621
1214 , 355.887611 , 51.211139 , 7010.986425339366 , 4.610864802951187
1215 , 354.879972 , 54.842556 , 7050.036529680366 , 3.7497425539955005
1216 , 147.932722 , -42.545861 , 7146.6 , 0.07987622848167172
1217 , 171.366667 , 7.1 , 6939.571428571428 , 2.388619954092648
1218 , 291.866667 , 49.233333 , NaN , -2.9633651001312535
1219 , 290.28333299999997 , 48.133333 , NaN , 6.149470962185399
1222 , 139.766667 , 35.65 , NaN , 3.162161051371203
1223 , 289.71666700000003 , 47.216667 , NaN , 2.0618064389858044
1224 , 1.266667 , 51.85 , NaN , 2.1025203102496715
1229 , 153.433333 , -29.116667 , NaN , 0.6520735934505213
1230 , 294.25 , 44.633333 , NaN , 3.864675761125806
1232 , 24.082481 , 35.487453 , 7071.009009009009 , 2.6833878486320586
1233 , 26.847994 , 37.129675 , 7059.795275590551 , 4.629588206781882
1234 , 24.945808 , 37.439969 , 6960.276150627615 , 4.2292655553264575
1236 , 11.790556 , 57.684722 , 7017.552727272728 , 4.923562142824456
1237 , 23.592631 , 38.472289 , 6998.478431372549 , 4.051915736659485
1238 , 25.878272 , 40.844139 , 7078.683397683398 , 5.04200780435843
1239 , 20.712108 , 38.834544 , 7130.566801619433 , 1.7587543050714611
1240 , 21.319681 , 37.644822 , 7114.939759036145 , 0.46569582189099407
1241 , 11.230107 , 64.859456 , 6951.648550724638 , 4.348058376641382
1242 , 234.866667 , 48.85 , 7016.6 , 4.00380182084913
1243 , 28.236439 , 36.441717 , 7014.119402985075 , 9.140243217160153
1244 , 289.633333 , 47.45 , 7008.880149812734 , 2.0618064389858044
1245 , 237.08333299999998 , 49.2 , 7045.238805970149 , 3.6115546340786167
1246 , 149.3 , -21.283333 , 6948.0254545454545 , -6.373700604374292
1247 , 356.554148 , 47.644274 , 7097.207692307692 , 4.861047055876626
1248 , 103.65 , 1.233333 , 7032.380566801619 , 8.14160697054522
1249 , 73.8 , 15.416667 , 7089.75 , 2.724904871813707
1250 , 21.728694 , 38.416667 , 7208.173913043478 , -1.6926180597620946
1252 , 134.466667 , 7.333333 , 6988.441605839416 , 4.379947065701928
1253 , 225.033251 , -23.122268 , 7099.55 , 2.086923348954615
1254 , 145.8 , -5.216667 , 6971.454545454545 , 17.049855117879385
1255 , 236.816667 , 49.116667 , 7088.584905660377 , 3.5869667321602257
1257 , 29.75 , 70.066667 , NaN , -3.525966731493506
1258 , 79.25 , 9.283333 , NaN , 1.8919999378168832
1259 , 296.03333299999997 , 44.666667 , NaN , 1.8917158171139166
1262 , 15.916667 , 41.616667 , NaN , 4.653279526622632
1263 , 138.222222 , 34.608333 , 7206.152173913043 , 2.971246741966889
1264 , 139.705833 , 39.942222 , 6867.232472324723 , 4.186964822353198
1265 , 130.190833 , 32.0175 , 7058.847272727273 , 1.9449867783246104
1266 , 141.527778 , 40.531667 , 7055.121495327103 , 5.207491589152476
1267 , 25.972697 , 70.980318 , 7051.072463768116 , -5.5455719923390365
1268 , 141.910133 , -10.60255 , 6431.7148288973385 , 5.716985501436833
1269 , 235.678333 , 43.345 , 7043.098181818182 , 3.878562944970876
1270 , 88.1 , 22.033333 , 7085.31746031746 , 0.5699237684784062
1271 , 291.78333299999997 , -54.816667 , 6925.819444444444 , 0.25913471237697006
1272 , 250.527222 , -27.154722 , 7038.560165975104 , 2.5500482457216593
1273 , 74.116667 , 14.8 , 7037.73786407767 , 3.146885184270224
1274 , 282.85 , -12.05 , 7001.328413284133 , 3.136148199643325
1275 , 103.716667 , 1.3 , 7046.755102040816 , 5.729395727020741
1277 , 280.0 , -3.266667 , NaN , -3.4367697226336085
1278 , 303.3 , 51.6 , NaN , 3.399832445833459
1279 , 290.898333 , 44.105 , NaN , 2.230498056940049
1280 , 303.3 , 51.333333 , NaN , 3.5314883546852993
1281 , 357.033333 , 57.666667 , NaN , 3.079287864735684
1282 , 235.33333299999998 , 70.15 , NaN , -9.334551837061909
1284 , 290.433333 , 47.85 , NaN , 5.041182539891439
1285 , 236.08166699999998 , 45.553333 , NaN , 4.459085578015426
1293 , 131.686667 , 33.266111 , 6997.083333333333 , -3.8520266925740354
1294 , 355.21917 , 48.359402 , 7087.5970149253735 , 2.594234275577792
1295 , 283.931667 , 38.573333 , 7103.040740740741 , 12.06902422485346
1296 , 142.766667 , 42.166667 , 7010.067039106145 , 5.676647017419971
1297 , 275.1 , 21.9 , 7032.392694063927 , 2.4066655792849594
1299 , 299.75 , 46.216667 , 7097.351648351649 , 3.206243317591835
1300 , 142.31 , -10.508333 , 6996.668292682927 , 2.443386388608729
1301 , 356.09262 , 47.873699 , 6988.848484848485 , 3.9603814171223006
1302 , 270.166667 , 13.583333 , 7020.542372881356 , 1.8347595820400011
1303 , 147.0 , -6.75 , 7064.746031746032 , -14.284374799704583
1304 , 143.633333 , -3.55 , 6988.555555555556 , 1.7081173150997855
1306 , 131.416667 , 34.433333 , NaN , 2.557926374478793
1308 , 79.85 , 10.766667 , 7004.974358974359 , 3.6759040425399774
1309 , 295.46666700000003 , 46.25 , NaN , 4.120377656412838
1313 , 356.0 , 5.25 , NaN , 3.1670187866504147
1318 , 129.849167 , 33.473056 , 7001.513307984791 , 2.59392445976187
1320 , 133.243333 , 33.333611 , 6840.421818181818 , -1.9435878644723725
1321 , 306.016667 , 47.3 , 7054.307692307692 , 4.2846331240256195
1322 , 293.6 , 50.2 , 7094.687732342008 , 3.930201900594686
1323 , 234.76666699999998 , 50.016667 , 7026.576923076923 , 3.290345215212959
1324 , 129.383889 , 36.047222 , 7140.757246376812 , 3.247413909939153
1325 , 237.243333 , 48.111667 , 7016.101449275362 , 3.6108014245233653
1326 , 295.46666700000003 , 46.25 , 7070.782608695652 , 4.120377656412838
1327 , 178.422839 , -18.135678 , 7057.982758620689 , 2.0497154171099745
1328 , 117.186028 , -20.587972 , 6975.5 , 3.049542923097692
1329 , 188.283333 , -2.816667 , 7058.732673267326 , 2.969011640849409
1330 , 296.71666700000003 , 46.466667 , 6954.638888888889 , 2.7433365409675425
1332 , 298.633333 , 45.6 , NaN , 3.0646063398908496
1335 , 151.8 , -32.916667 , NaN , 4.136344421361705
1336 , 350.866667 , 38.7 , NaN , 3.249281823474756
1337 , 284.93 , 38.61 , NaN , 2.2509501431601886
1338 , 283.645 , 38.956667 , NaN , 13.235771041738944
1341 , 236.866667 , 49.0 , NaN , 3.615757657437671
1343 , 139.133056 , 34.895556 , 6432.091954022989 , 0.32627283674576935
1344 , 138.281111 , 37.814722 , 7038.749049429658 , 2.41657202672389
1345 , 140.962222 , 37.830833 , 7033.377777777778 , 2.307990513959425
1346 , 141.889167 , 39.273333 , 7391.96442687747 , 2.1141656052940614
1347 , 356.03414 , 48.718399 , 7001.029962546817 , 2.8262852236984366
1349 , 295.116667 , 47.083333 , 7095.869731800766 , 7.318532271530339
1350 , 208.603333 , 60.683333 , 6682.244541484716 , 9.299064292177066
1351 , 103.75 , 1.166667 , 7103.956043956044 , 8.14160697054522
1352 , 238.113333 , 36.605 , 7029.232727272727 , 6.142913054912087
1353 , 213.638333 , 61.125 , 6911.5 , -2.628625598637264
1354 , 236.033333 , 46.706667 , 6335.170370370371 , 3.9070806875253834
1355 , 250.1 , 22.883333 , 6987.816326530612 , 3.516967833648383
1356 , 120.316667 , 22.533333 , NaN , 4.696213474479627
1357 , 246.45 , 28.966667 , NaN , 6.467545078177761
1358 , 293.616667 , 48.066667 , NaN , 3.0804231937133086
1361 , 200.616667 , 3.9 , NaN , 2.4229437301543824
1364 , 141.753333 , 39.019722 , 7256.505703422054 , 2.028785979876049
1365 , 128.594167 , 38.207222 , 7126.343065693431 , 1.3187139470817715
1366 , 114.014167 , 22.487222 , 6968.927203065134 , 3.45694743699772
1367 , 137.590356 , -33.012783 , 6941.743190661478 , 9.849752332984453
1368 , 142.151667 , -10.561667 , 6916.133828996282 , 4.543987484317974
1369 , 88.016667 , 21.95 , 6984.275 , 0.5699237684784062
1370 , 158.233333 , 6.983333 , 7176.083333333333 , 2.6742780329835303
1371 , 202.516667 , 1.983333 , 7026.162055335968 , 3.0335693788288585
1372 , 193.716667 , 23.866667 , 6965.664556962025 , 1.330603732667613
1373 , 159.95 , -9.433333 , 7187.875 , 2.908014640275758
1374 , 166.9 , -0.533333 , 7176.454545454545 , 2.8657731182163775
1381 , 172.933333 , 1.366667 , NaN , 1.9216596071590792
1383 , 0.15 , 49.65 , NaN , 3.7185323832475334
1386 , 130.195278 , 32.605278 , 7046.804347826087 , 0.09112415092839103
1387 , 135.386944 , 35.476667 , 7046.86231884058 , 3.702738739304104
1388 , 127.824444 , 26.179444 , 7011.519083969466 , 2.7891203355184704
1389 , 137.224722 , 36.762222 , 7075.054347826087 , -0.2590864156109263
1390 , 134.164444 , 33.266389 , 7183.54347826087 , 2.084267151592528
1391 , 142.183333 , 27.083333 , 7006.416666666667 , 2.2536633394544348
1392 , 289.133333 , 48.333333 , 7060.423280423281 , 10.177969048697586
1393 , 295.08 , 18.335 , 7050.137404580153 , 2.660010126221679
1394 , 237.02333299999998 , 37.995 , 7090.0989010989015 , 4.131847061133089
1395 , 69.083333 , 22.466667 , 7067.5 , 10.438271082980549
1397 , 210.427276 , -17.533081 , 7137.24907063197 , 1.7009663475934913
1399 , 129.116667 , 72.0 , 7024.098360655737 , -3.8411661127465586
1402 , 351.25 , 40.65 , 7053.272727272727 , 4.72412403974474
1403 , 117.716667 , 39.0 , 7075.083333333333 , 8.019411510058662
1404 , 119.55 , 35.383333 , 7002.916666666667 , -1.911052049858109
1405 , 119.45 , 34.75 , 6944.0 , -0.6362362520029012
1406 , 115.35 , 22.75 , 7046.75 , 2.6191859634237296
1407 , 108.616667 , 19.1 , 7039.5 , 4.158617626295759
1408 , 109.083333 , 21.483333 , 7001.5 , 7.975809625657451
1410 , 248.633333 , 26.016667 , NaN , 2.0904709114297733
1411 , 124.166667 , 24.333333 , NaN , 3.2899746343489067
1413 , 241.7 , 28.883333 , NaN , 2.260654682910206
1420 , 137.615169 , -33.926017 , 6948.029739776952 , 3.72034712090269
1421 , 11.938015 , 78.928545 , 6887.844202898551 , -0.4341500301556277
1422 , 278.683333 , 19.3 , 6983.416666666667 , 3.9376882399555364
1423 , 74.8 , 12.916667 , 7107.17791411043 , 5.628014983266662
1424 , 278.983333 , 24.718333 , 7025.117647058823 , 3.934935729430092
1425 , 351.1 , 38.5 , 7046.666666666667 , 5.3168791242246956
1426 , 278.616667 , 19.266667 , 7006.55 , 3.9376882399555364
1427 , 18.0 , -33.066667 , NaN , 1.1178901588298789
1428 , 110.283333 , 20.016667 , 7052.5 , 6.443347719449656
1430 , 244.816667 , 28.1 , NaN , 3.626984483452584
1431 , 281.981667 , 33.915 , NaN , 5.44810288916298
1437 , 138.764167 , 34.806944 , 7036.113636363636 , 0.32627283674576935
1438 , 138.327222 , 34.870556 , 7098.889733840304 , -0.9758508967714524
1440 , 139.804722 , 33.130278 , 7119.057971014493 , -3.922178792004761
1441 , 23.589458 , 38.460889 , 6923.28431372549 , 4.051915736659485
1442 , 145.567778 , 43.278056 , 7229.358695652174 , 2.5078995533964052
1443 , 32.078611 , -28.811944 , NaN , 1.947652042518317
1444 , 281.081667 , 33.655 , 7020.151750972763 , 5.703326309105834
1445 , 128.810833 , 35.024722 , 7082.611111111111 , 4.602967060384129
1446 , 128.434722 , 34.8275 , 7028.527472527472 , 2.434984454994951
1447 , 295.246667 , 17.693333 , 7128.334572490707 , 3.0843768839698003
1448 , 14.000833 , 54.060278 , 6976.564575645756 , 3.0172622300391216
1449 , 109.25 , 13.766667 , 7031.436507936508 , 4.812789313837816
1450 , 201.933333 , -9.016667 , 7114.348314606742 , 2.8054746555906878
1451 , 89.466667 , 21.783333 , 7066.100775193799 , 3.444805603445824
1452 , 179.216667 , -8.533333 , 6979.25 , 2.0084992243978634
1454 , 89.833333 , 21.833333 , 7116.0344827586205 , 3.4792413749679363
1455 , 357.515049 , 36.832228 , 7064.366666666667 , 3.476707083129166
1456 , 351.116667 , 37.95 , 7114.004524886878 , 3.551384839470902
1457 , 244.01666699999998 , 30.483333 , NaN , 1.5617033343382987
1460 , 359.025655 , 37.597321 , NaN , 5.295164415193831
1462 , 250.55 , -27.15 , NaN , 2.5500482457216593
1468 , 7.2855 , 43.695599 , 7047.885462555066 , 4.922796878398106
1469 , 3.10733 , 42.5201 , 6999.728323699422 , 4.038342189042113
1470 , 143.366667 , 44.35 , 7053.7967032967035 , 2.83124634354674
1471 , 145.466667 , -16.483333 , 6944.970464135021 , -0.1212950952665195
1473 , 154.783333 , 1.1 , 7047.056338028169 , 3.6363798745226648
1474 , 145.75 , 15.233333 , 7093.978813559322 , 3.4348025847938053
1475 , 108.216667 , 16.1 , 7003.492063492064 , 5.527130813724449
1476 , 91.833333 , 21.45 , 6932.741935483871 , 9.877693043384188
1482 , 351.166667 , 41.683333 , NaN , 4.873544006239961
1488 , 136.880833 , 35.091389 , 6990.090579710145 , 1.9926180540724605
1489 , 125.436389 , 34.683889 , 7029.0912547528515 , 3.608764449973538
1490 , 130.913611 , 37.491389 , 7042.242424242424 , 5.498126700898316
1491 , 353.935778 , 56.623111 , 6976.856540084388 , 0.9268818558773074
1492 , 147.058444 , -19.277333 , 7205.117216117216 , 4.383575772831737
1493 , 153.133333 , -26.683333 , 7024.547101449275 , -1.9952210820969722
1494 , 50.6 , 26.233333 , 7015.723404255319 , 2.66523581476199
1495 , 107.066667 , 10.333333 , 7066.079365079365 , 4.7042274761083975
1496 , 91.05 , 22.216667 , 6948.2307692307695 , 1.9817981398927997
1497 , 130.75 , 70.85 , 7151.5625 , -3.735813038981772
1501 , 55.285005 , -20.934924 , 7026.454545454545 , 3.4408086031482594
1505 , 359.385306 , 54.49 , 7188.440816326531 , 3.8402334900731043
1506 , 138.467028 , -35.108611 , 6953.288372093023 , 20.07534292825269
1511 , 270.86 , 28.99 , 6937.3125 , 3.585013507487569
1513 , 121.683333 , 38.866667 , 7032.283333333334 , 1.6534837439710073
1522 , 129.5 , 28.5 , 7067.421818181818 , 2.9170191832949883
1523 , 135.316667 , 35.45 , 7150.20218579235 , 3.702738739304104
1524 , 292.703333 , 44.641667 , 7009.945054945055 , 0.6452354788512512
1526 , 356.818306 , 55.989833 , 7049.394422310757 , 4.522299903119862
1527 , 126.563333 , 35.975556 , 7063.646616541353 , 3.6857150291215697
1530 , 280.116667 , 9.366667 , 7047.102564102564 , 4.05326553509474
1534 , 103.816667 , 1.266667 , NaN , 8.024138315154662
1537 , 279.333333 , 32.433333 , NaN , 5.6924983215043845
1541 , 235.943333 , 44.81 , NaN , 5.982181362748444
1542 , 303.333333 , -36.7 , NaN , 4.253674628166921
1544 , 140.858333 , 35.744444 , 7056.952898550725 , 6.80298514220477
1545 , 139.77 , 35.648611 , 7049.383763837638 , 3.162161051371203
1546 , 127.309167 , 34.028333 , 7089.394160583942 , 0.09243586170926409
1547 , 141.613167 , -38.343444 , 7061.3381818181815 , 4.374884432180343
1548 , 0.057028 , 50.781778 , 7000.862595419847 , 2.546793896142604
1549 , 116.749056 , -20.623611 , 6887.744769874477 , 4.934370067366784
1550 , 137.768319 , -35.021781 , 6918.777327935222 , 14.565489531510053
1551 , 3.681944 , 51.619722 , 6966.282608695652 , 4.122396852065511
1555 , 219.916667 , -8.933333 , 6963.3223684210525 , 1.015456972065363
1567 , 133.569167 , 33.499167 , 7110.878542510121 , -0.7981509237356905
1568 , 126.759722 , 34.315278 , 7017.246323529412 , -0.4401396211886884
1569 , 148.783333 , -20.283333 , 7027.354243542435 , -2.6318252224360927
1571 , 277.133333 , 8.266667 , 6989.214953271028 , 4.809267803403891
1574 , 16.2 , 43.066667 , NaN , 4.946653873624389
1577 , 15.266667 , 44.083333 , NaN , 3.0142923943118527
1578 , 15.666667 , 43.7 , NaN , 3.598167457654062
1579 , 173.016667 , 1.333333 , NaN , 1.8652105128545236
1585 , 132.066111 , 34.897222 , 7053.192028985507 , 4.671898733995819
1586 , 129.291667 , 34.197778 , 7051.126811594203 , 3.923112719653631
1587 , 140.381389 , 41.2425 , 7069.307971014493 , 1.5117995763188756
1588 , 126.300278 , 33.961667 , 7018.5893536121675 , 2.6197267332957743
1589 , 103.43 , 3.975 , 7032.944444444444 , 2.370749814634899
1590 , 176.1811 , -37.64099 , 7061.362903225807 , 2.7103214419253594
1591 , 101.358333 , 3.05 , 6966.389558232931 , 3.277263690932777
1592 , 103.186667 , 5.265 , 7045.905882352941 , 1.2654897682193034
1593 , 102.153333 , 2.215 , 7045.372180451128 , 1.8835275041659907
1594 , 100.613333 , 4.24 , 7032.163498098859 , 4.121117997686115
1595 , 100.346667 , 5.421667 , 6968.988679245283 , 6.397942097097119
1596 , 140.25 , 41.45 , 7009.634285714285 , 2.805021826702528
1597 , 291.483333 , 48.483333 , 9322.526315789473 , 1.3464447771565389
1598 , 27.85 , 40.383333 , 6954.962264150943 , 4.032783683714509
1600 , 39.183333 , -6.15 , 6989.665399239544 , 0.7994863948123617
1603 , 300.366667 , -62.483333 , 6997.070175438596 , -2.0244656090269344
1604 , 23.541694 , 37.979583 , 6968.722891566265 , 4.188920672508484
1605 , 140.133333 , 41.866667 , 6950.212765957447 , 3.851567105201231
1607 , 150.45 , -10.316667 , 6949.291666666667 , 2.1153055978631423
1608 , 150.8 , -2.583333 , 6974.911764705882 , 2.9722520215974964
1609 , 147.266667 , -2.016667 , 6866.6 , 3.1657319966997988
1610 , 147.133333 , -9.483333 , 6939.875 , 1.7166803282562573
1613 , 178.02238 , -38.67548 , 6964.145833333333 , 2.835686709479218
1621 , 174.99323 , -39.94464 , NaN , -0.36295169940820177
1627 , 126.561667 , 33.24 , 7088.461538461538 , 4.040282173038302
1628 , 126.301944 , 35.618056 , 6978.867816091954 , 0.8263452460919067
1629 , 146.083333 , -17.583333 , 7023.531365313653 , 0.04892485310710123
1630 , 146.383333 , -18.516667 , 6961.962825278811 , 1.2524425832308688
1631 , 115.131528 , -21.649667 , 6899.739130434783 , 4.2477474678510605
1632 , 1.301639 , 52.934361 , 7086.068825910931 , 2.25617008913036
1633 , 237.243333 , 48.863333 , 7012.218518518518 , 3.6115546340786167
1634 , 199.498333 , 55.336667 , 7007.301470588235 , -2.3837754291807354
1635 , 283.886667 , 36.966667 , 7084.709090909091 , 1.7931324097147774
1636 , 284.253333 , 36.183333 , 7089.898496240601 , 0.06342603926072424
1637 , 285.858333 , 40.636667 , 7044.096638655462 , 2.3877588057569845
1638 , 277.168333 , 27.978333 , 7077.7972972972975 , 4.515341791444577
1639 , 235.783333 , 40.766667 , 7111.826086956522 , 3.69483424515358
1640 , 235.501667 , 42.738333 , 6987.004310344828 , 3.6986440984408135
1641 , 274.333333 , 30.151667 , 6989.482625482626 , 4.1607561349409705
1642 , 45.25815 , -12.782054 , 6970.722222222223 , 2.7641618127724867
1643 , 170.62414 , -45.8147 , 7003.677725118483 , 2.6046818144727095
1644 , 281.170278 , -33.635833 , 6976.050209205021 , 2.6340327724454187
1645 , 269.71666700000003 , -0.433333 , 6974.663829787234 , 1.9129331519756958
1646 , 281.003333 , 26.71 , 6983.258064516129 , 4.197640651771096
1651 , 280.796667 , 33.235 , 7011.060606060606 , 4.418635380976446
1654 , 285.245 , 40.188333 , NaN , 1.3858645149497844
1663 , 237.75 , 37.583333 , NaN , 3.895793501452437
1669 , 279.95 , 26.7 , NaN , 2.066383369207681
1670 , 275.71 , 30.06 , NaN , 4.721603659278151
1671 , 124.163611 , 24.332222 , 7071.780219780219 , 3.2899746343489067
1672 , 63.416667 , -19.666667 , 7116.0687022900765 , 2.665980320230548
1673 , 57.5 , -20.15 , 7016.552727272728 , 3.161088569289653
1674 , 114.213333 , 22.291111 , 7062.13768115942 , 3.45694743699772
1675 , 126.486111 , 36.406389 , 7075.74721189591 , 1.1392795787860621
1676 , 99.764167 , 6.430833 , 7072.056179775281 , -1.7010052620568081
1677 , 103.442778 , 1.325278 , 7092.266666666666 , 5.729395727020741
1678 , 104.14 , 2.807222 , 7066.5893536121675 , 6.941362478471589
1679 , 26.716667 , 38.433333 , 6998.425414364641 , 4.28829797227287
1680 , 27.416667 , 37.033333 , 7039.923976608187 , 5.2073500847074925
1681 , 30.616667 , 36.833333 , 7009.917159763314 , 3.2806229353487
1685 , 114.0 , 22.366667 , 7062.2807017543855 , 3.3317286284466907
1690 , 37.116667 , 19.633333 , 7021.083333333333 , 1.1144769756246429
1695 , 24.0 , 38.033333 , NaN , 4.566724014310342
1696 , 279.96666700000003 , 26.611667 , 7101.060606060606 , 2.066383369207681
1698 , 114.302778 , 22.183056 , 6876.355555555556 , 4.024472722282879
1699 , 126.132222 , 36.673611 , 7007.937037037037 , 2.4260886178301417
1700 , 354.948472 , 51.707389 , 7141.352697095435 , 4.260495014703956
1701 , 278.895 , 24.711667 , 7105.723484848485 , 3.934935729430092
1702 , 104.115 , 1.931667 , 7065.870848708487 , 7.32614847192242
1703 , 102.106667 , 6.226389 , 7109.161764705882 , 3.8442840070995272
1704 , 153.416667 , -27.95 , 6940.403703703703 , 2.1780195836645535
1705 , 122.1 , 18.383333 , 7103.5 , 5.220113849895567
1706 , 17.2 , 43.133333 , 6975.826666666667 , 4.071117276254435
1707 , 73.15 , -0.683333 , 7090.95652173913 , 3.6381052125147586
1708 , 125.5 , 9.783333 , 7083.153846153846 , 4.266063701954477
1709 , 125.2 , 1.433333 , 7013.7962962962965 , 3.5939406718040665
1710 , 346.462131 , 28.965827 , 7000.17 , 3.0706965071830092
1711 , 121.083333 , 12.333333 , 7093.72972972973 , 11.98125444247194
1714 , 275.488333 , 29.915 , 7017.111111111111 , 4.721603659278151
1715 , 270.675 , 30.325 , 7027.428571428572 , -0.15569282921892152
1716 , 58.566667 , 23.633333 , 6952.2 , 4.280759912881482
1717 , 279.88 , 25.903333 , NaN , 2.2114316950429163
1718 , 16.833333 , 42.75 , NaN , 4.602935736919841
1719 , 20.483333 , 54.7 , NaN , 5.103473767498453
1720 , 280.905 , 33.646667 , NaN , 5.703326309105834
1721 , 280.083333 , 33.016667 , NaN , 4.761460253371383
1730 , 112.88 , 9.55 , 6984.785714285715 , 4.801980248588699
1731 , 355.01625 , 52.013222 , 7052.93991416309 , 4.522323291902518
1732 , 356.024556 , 51.57 , 7005.637931034483 , 4.435941768679872
1733 , 116.066667 , 5.983333 , 7065.72373540856 , 4.060261028320177
1734 , 117.883333 , 4.233333 , 7017.324 , 2.5112931757510797
1735 , 14.532955 , 35.820063 , 7136.429203539823 , 4.970171580962586
1736 , 315.616667 , -2.566667 , 6954.45508982036 , -1.2796916220038426
1739 , 172.933333 , 1.366667 , 7048.333333333333 , 1.9216596071590792
1740 , 72.4 , -7.283333 , 7150.3015873015875 , 3.925116523904814
1745 , 112.333333 , 16.833333 , 6980.77205882353 , 4.6645304851397595
1746 , 103.85 , 1.266667 , 7140.9 , 8.024138315154662
1747 , 358.20627 , 46.497501 , 7029.003802281369 , 2.872412773771739
1748 , 10.391669 , 63.436484 , 6937.460144927536 , 4.574488184136396
1749 , 142.211667 , -10.521667 , 6986.458128078818 , 4.543987484317974
1750 , 176.91998 , -39.4755 , 7016.114155251142 , 4.6184263237255605
1751 , 279.891389 , -26.292222 , 6994.576744186046 , 2.4941712809410297
1752 , 98.766667 , 1.75 , 7006.866666666667 , 6.081347432896881
1753 , 73.533333 , 4.183333 , 7035.479853479854 , 3.6742444328781447
1754 , 54.0 , 16.933333 , 7047.393548387096 , 11.048355610175761
1758 , 356.868667 , 51.210611 , 7102.568 , 3.9346523604564148
1759 , 10.949769 , 59.036046 , 7024.050909090909 , 4.466525555268712
1760 , 150.790167 , -23.161028 , 7134.886446886447 , -0.9727490351113649
1761 , 115.738583 , -31.825556 , 7008.597826086957 , 4.707579834492139
1762 , 114.140889 , -21.954861 , 6914.3287037037035 , 2.5289120204595164
1763 , 163.19123 , -77.03392 , 7039.273255813953 , -4.751374516557988
1764 , 3.206448 , 42.053832 , 7049.373188405797 , 3.3562810545378663
1769 , 335.0 , 16.883333 , 7035.482758620689 , 1.537970528357996
1771 , 355.954972 , 52.719333 , 7042.783653846154 , 4.524230087320936
1772 , 353.810083 , 55.627583 , 7031.594470046083 , 2.823456939258217
1773 , 357.552056 , 50.6085 , 7013.15234375 , 4.771391583546471
1774 , 356.982 , 53.449694 , 7107.251046025104 , 4.9699534831199585
1775 , 354.949639 , 58.456611 , 7070.783898305085 , 2.5830746401224354
1780 , 113.5 , 73.216667 , 6965.151515151515 , -4.306488021235856
1783 , 280.46666700000003 , 8.918333 , 7031.083333333333 , 4.427427441334212
1784 , 298.468601 , 16.2244 , 6977.4885057471265 , 1.7259795870027892
1785 , 291.28333299999997 , -56.5 , 6975.66037735849 , 2.9388395546197468
1789 , 134.056944 , 34.351389 , 6994.192028985507 , 0.10807805097187465
1790 , 135.190278 , 34.682222 , 7339.641304347826 , 5.387086234196037
1792 , 99.25 , 10.45 , 7102.996124031008 , 0.7214856600248307
1793 , 355.231944 , 54.085389 , 7036.745562130178 , 3.949408213072429
1794 , 356.432833 , 54.650722 , 6857.872180451128 , 3.7760934895255938
1795 , 357.883333 , 49.183333 , 7026.10989010989 , 3.692373505316868
1796 , 302.179486 , -51.692358 , 7608.017316017316 , 2.7489652028878413
1797 , 34.86316 , 32.47044 , 7143.745901639344 , 8.492720194253192
1798 , 287.616667 , 46.4 , 6855.788321167884 , 3.5805516395243413
1799 , 231.966667 , 50.516667 , 7055.138686131387 , 3.7084206818704017
1800 , 194.57 , 64.5 , 6967.178571428572 , 3.4287332686314813
1801 , 358.48517 , 43.527302 , 7043.523206751055 , 4.099656501235792
1802 , 344.58819 , 28.14056 , 7084.539923954372 , 3.502645955997204
1803 , 343.758883 , 28.477217 , 6995.305660377358 , -2.2481282728857073
1804 , 172.933 , 1.365056 , 6926.839694656489 , 1.9216596071590792
1805 , 177.43825 , -17.604917 , 6936.421818181818 , 2.5299082365532777
1806 , 356.95487 , 43.35153 , 7000.356363636363 , 3.951222943910837
1807 , 356.20924 , 43.4613 , 6951.427536231884 , 4.621716857446305
1808 , 351.61067 , 43.35731 , 6997.432835820896 , 3.268904843250809
1809 , 353.66187 , 36.80221 , 7088.359848484848 , 2.6691372866192085
1810 , 355.58291 , 36.71184 , 7059.14705882353 , 5.1548715690063
1811 , 2.1657 , 41.34177 , 7071.124528301887 , 3.6966206624506497
1812 , 14.837778 , 55.249722 , 7018.8388278388275 , 5.2409995061494765
1813 , 359.68872 , 39.44203 , 7074.038759689923 , 0.5974147211922824
1816 , 342.583333 , 14.683333 , 6981.861244019139 , 3.3181157959051286
1817 , 13.72455 , 45.54811 , 7017.991666666667 , 0.2855056455196321
1818 , 255.7 , 19.066667 , 6902.1612903225805 , 4.3942731325673865
1819 , 113.974444 , 4.401111 , 7127.376623376624 , 4.1876821876185035
1822 , 263.05 , 75.383333 , 7009.285714285715 , -5.759014592498563
1825 , 235.866667 , 49.266667 , 6931.857142857143 , 3.431405218483942
1830 , 130.927778 , 33.925 , 7065.058295964125 , -4.74742441376636
1831 , 345.614281 , -7.892847 , 6964.26875 , 2.5198720222308006
1832 , 357.012556 , 51.55 , 7073.824324324324 , 4.514448604247761
1833 , 113.063889 , 3.262222 , 7031.173728813559 , 2.8902362126136034
1834 , 118.067222 , 5.81 , 7071.560784313726 , 2.1711361865568763
1835 , 266.13 , 29.728333 , 7106.167381974249 , 2.2992033493498623
1836 , 143.988833 , -38.547194 , 7098.380952380952 , 4.62365765851606
1838 , 171.372806 , 7.106028 , 6997.959259259259 , 2.388619954092648
1839 , 179.195167 , -8.502472 , 7003.898113207547 , 2.0084992243978634
1840 , 188.238694 , -13.826778 , 6969.5526315789475 , 1.3457928010578848
1841 , 168.307694 , -17.755333 , 6933.799242424242 , 3.417321427330981
1842 , 184.819306 , -21.136806 , 6932.0 , 3.400403686803502
1843 , 200.215222 , -21.20475 , 6933.097378277153 , 2.082611263149203
1844 , 166.910056 , -0.529417 , 6927.189723320158 , 2.8657731182163775
1845 , 354.282039 , -15.920864 , 6975.183333333333 , 1.7239550609434136
1846 , 55.533333 , -4.666667 , 7032.177121771218 , 3.3364818318316467
1849 , 70.255501 , -49.351501 , 7025.514767932489 , 3.5129489600306973
1854 , 356.174778 , 53.331667 , 7013.902127659574 , 4.286315015806566
1855 , 353.682778 , 49.917861 , 7058.009433962264 , 3.8052591763410435
1856 , 354.330528 , 54.66475 , 6948.795 , 3.286041803174775
1857 , 211.473333 , 70.4 , 7047.352 , -4.795771931874101
1858 , 279.83833300000003 , 25.73 , 5966.857692307693 , 3.336127857580992
1859 , 15.235 , 44.1233 , 7004.715953307393 , 3.0142923943118527
1860 , 147.373778 , -2.042083 , 6945.873417721519 , 3.1657319966997988
1861 , 159.955361 , -9.428917 , 6978.882352941177 , 2.908014640275758
1867 , 353.343167 , 55.206778 , 7043.766949152542 , 3.161501816774824
1871 , 354.30165 , 43.55803 , 7018.202586206897 , 0.9045029946966404
1876 , 116.843611 , 6.879444 , 7020.152380952381 , 1.669715791402543
1877 , 118.346111 , 5.018889 , 7122.641025641025 , 2.507893540188099
1878 , 358.125139 , 50.714333 , 7034.207729468599 , 5.284925178508823
1879 , 115.25 , 5.272778 , 7014.108695652174 , 0.5653815055573534
1880 , 34.766667 , 32.083333 , 7102.409090909091 , 6.163001004222095
1883 , 353.16631 , 37.13202 , 7027.088495575221 , 3.016742595566441
1884 , 270.633333 , 30.281667 , 7027.965909090909 , -0.15569282921892152
1886 , 110.516667 , -66.266667 , 6962.640625 , 0.09825838533865594
1887 , 58.866667 , 20.683333 , 7029.041666666667 , -0.9668354576158136
1891 , 114.288611 , 22.269722 , 6930.714285714285 , 3.45694743699772
1892 , 2.638912 , 39.552381 , 7042.441489361702 , 4.333573845368898
1893 , 110.422222 , 1.582778 , 6994.953642384106 , 2.5165109121996276
1894 , 103.666667 , 1.283333 , 6943.824120603015 , 5.729395727020741
1895 , 103.766667 , 1.3 , 6998.625 , 8.024138315154662
1896 , 103.633982 , 1.344427 , 7030.24 , 5.729395727020741
1897 , 351.229981 , 42.600722 , 7062.688372093024 , 1.9835101147849477
1898 , 351.274 , 42.24314 , 6968.033457249071 , 3.8069195561204325
1902 , 113.894444 , 22.220278 , 6979.375 , 3.815782150486484
1903 , 262.78333299999997 , 27.583333 , 7086.548837209302 , 3.1163776672460615
1907 , 23.729475 , 39.123642 , 7019.6875 , 3.4692727479773997
1908 , 126.822778 , 36.966667 , 6776.8351648351645 , 1.2472773365838945
1909 , 279.983333 , 22.933333 , 7036.927777777778 , 3.228652394829177
1910 , 282.266667 , 19.833333 , 7017.03488372093 , 2.654739571087291
1911 , 33.333333 , 35.35 , 7018.642857142857 , 3.4071659645338035
1914 , 337.016667 , 16.75 , 7023.04 , 2.2101410740507625
1915 , 358.93843 , 45.568501 , 6957.3448275862065 , 5.478724823344305
1918 , 358.83645 , 44.665001 , 6937.861635220126 , 3.944152348360732
1919 , 32.233333 , 41.433333 , 7013.917525773196 , 8.480169985938668
1920 , 183.43884 , -43.94628 , 6837.847826086957 , 3.82125388235164
1921 , 357.10485 , 47.542702 , 7043.023121387283 , 5.953003257534462
1922 , 126.647222 , 37.192222 , 7254.783439490446 , -1.8696927818039186
1923 , 129.453333 , 36.6775 , 6911.089171974522 , 3.894448963692412
1924 , 126.420833 , 35.426111 , 7058.524691358025 , 1.834013170786729
1925 , 158.200222 , 6.980528 , 7023.613924050633 , 2.6742780329835303
1926 , 28.016667 , 41.883333 , 7032.6024096385545 , 9.16671677458513
1927 , 39.733333 , 41.0 , 7038.4125 , 5.940659470501452
1928 , 281.016667 , 26.683333 , 7006.517006802721 , 4.197640651771096
1929 , 8.76285 , 41.922798 , 7046.482558139535 , 2.5012486287665046
1930 , 242.23885 , 70.736283 , 6974.632653061224 , -10.235419165615049
1931 , 291.870203 , -67.571256 , 7075.636363636364 , 4.434939958534421
1932 , 1.44984 , 38.91123 , 7074.75816993464 , 4.819905163502246
1933 , 19.905317 , 39.6282 , 7112.773109243697 , 4.978950825943513
1934 , 282.85 , 20.333333 , 7052.634782608696 , 3.2981470812338336
1935 , 295.883333 , 67.866667 , 6973.870967741936 , 3.7523081693240847
1936 , 126.251111 , 33.214444 , 6768.702127659574 , 4.059780297928846
1937 , 126.927778 , 33.474722 , 6984.687943262411 , 3.6986946413331543
1938 , 23.534194 , 37.979556 , 6987.307692307692 , 4.188920672508484
1940 , 356.4764 , 36.72024 , 7045.587786259542 , 4.602536113571951
1941 , 26.976458 , 37.755156 , 7000.0 , 4.185165209211914
1942 , 298.936798 , 14.6015 , 7006.4672131147545 , 3.0124999418303386
1943 , 69.683333 , 22.45 , 6983.245283018868 , 13.115025322844783
1945 , 17.416667 , 43.05 , 7088.899159663865 , 4.071117276254435
1963 , 289.833333 , -20.216667 , NaN , 6.9541711733623774
1975 , 308.833333 , -0.05 , NaN , 4.53252292715918
2009 , 34.25 , 36.566667 , 6989.779220779221 , 4.1761591532245665
2010 , 27.966667 , 40.966667 , 7050.877192982456 , 3.8980316029716597
2011 , 357.271528 , 51.5 , 7057.588235294118 , 3.9346523604564148
2012 , 307.4135 , 5.284333 , 7040.803738317757 , 1.7188316334438738
2020 , 36.180556 , 36.594444 , 6834.633333333333 , 6.922386653264457
2021 , 280.0083 , 21.7533 , 7029.324137931035 , 2.7297199379657133
2024 , 342.882222 , 32.651111 , 7023.919354838709 , 1.810378072429712
2025 , 49.3333 , 68.8 , NaN , 2.398876561119653
2026 , 32.4333 , 69.55 , NaN , -0.4040773411584526
2027 , 33.4833 , 69.2 , NaN , 2.959823303030615
2028 , 35.1167 , 69.2 , NaN , 5.539602521578518
2029 , 166.769 , -77.8501 , 7039.5 , -5.701918388018315
2031 , 298.142694 , 47.378861 , 7015.782178217822 , 4.0536066985009285
2032 , 103.778463 , 1.225643 , 7011.145833333333 , 8.387647760847479
2033 , 103.998933 , 1.390267 , 7018.395833333333 , 8.024138315154662
2034 , 103.988353 , 1.312327 , 7036.75 , 8.024138315154662
2035 , 121.6 , 14.666667 , 7108.2307692307695 , 11.272353750229637
2039 , 126.352778 , 37.0075 , 6781.0 , -1.2346489851380575
2040 , 128.699167 , 34.801389 , 7083.8190476190475 , 5.144896849672494
2042 , 126.687778 , 36.006944 , 7271.217391304348 , 0.9254463582040461
2043 , 126.308333 , 34.377778 , 7123.037735849057 , 0.7439569695627554
2044 , 128.588889 , 35.21 , 6920.282608695652 , 4.833513818426444
2046 , 125.984722 , 36.117222 , 6870.049382716049 , 4.689294246887104
2047 , 354.004205 , 37.331074 , 7101.5 , 3.3340134978336105
2048 , 346.14178 , 28.49251 , 7007.7226277372265 , 2.9997938778556863
2049 , 344.59854 , 27.84691 , 7029.611650485437 , 3.559821819652362
2050 , 343.51036 , 28.08528 , 7038.877551020408 , -1.861921136134594
2051 , 342.098389 , 27.784108 , 7037.395522388059 , 2.627304859760323
2053 , 351.75149 , 43.47618 , 7014.8317757009345 , 3.268904843250809
2054 , 354.39649 , 36.00646 , 6999.460526315789 , 5.744176871991137
2055 , 354.60162 , 36.177 , 6990.824324324324 , 5.744176871991137
2056 , 357.52165 , 36.83002 , 7102.582608695652 , 3.476707083129166
2057 , 357.07147 , 35.29061 , 7216.10989010989 , 4.0148406505655005
2058 , 359.84861 , 38.99521 , 6752.63 , -1.1251327968729694
2059 , 359.79376 , 39.63392 , 6988.102040816327 , 2.95029578656057
2060 , 1.41903 , 38.73466 , 7001.0 , 6.368543624500129
2061 , 2.63748 , 39.56015 , 6948.824324324324 , 4.333573845368898
2062 , 4.27056 , 39.89304 , 6943.45205479452 , 2.8221309027537913
2063 , 3.13898 , 39.83456 , 7008.945205479452 , 3.8794968789223723
2064 , 342.23205 , 28.6778 , 6991.585106382979 , 3.5261048473426544
2065 , 342.89169 , 28.08777 , 6972.708737864078 , 2.495431659990229
2066 , 346.46994 , 28.97188 , 7045.285714285715 , 3.0706965071830092
2067 , 24.082481 , 35.487453 , 7001.280575539568 , 2.6833878486320586
2068 , 103.927775 , 1.419428 , 7063.222222222223 , 8.024138315154662
2069 , 294.15 , 47.9 , 7082.215469613259 , 2.711831795911968
2071 , 146.794722 , -41.064444 , 7041.186440677966 , 5.712076110396323
2072 , 150.866667 , -23.583333 , 7105.306569343065 , 0.7727773341279969
2073 , 152.916667 , -25.3 , 7052.536121673003 , -3.259008231359745
2074 , 148.25 , -20.016667 , 7075.51282051282 , 2.825358793664425
2075 , 16.866033 , 41.140206 , 6973.848314606742 , 4.1766602757281435
2076 , 8.309453 , 39.147969 , 6984.966666666666 , 3.0253203108441085
2078 , 8.018864 , 43.878339 , 6986.533333333334 , 3.638105964294156
2079 , 12.604439 , 35.499828 , 6985.811111111111 , 3.653576552487892
2080 , 10.299339 , 43.546286 , 6990.277777777777 , 3.965238387474597
2082 , 15.275292 , 40.029911 , 6941.385474860335 , 4.687659142787111
2083 , 13.526844 , 37.285756 , 6999.181818181818 , 3.4080765304597147
2084 , 8.403914 , 40.842206 , 6977.534090909091 , 4.517960644948718
2086 , 14.750839 , 40.676642 , 6976.357142857143 , 3.639928984421032
2087 , 16.177011 , 41.888083 , 6984.747191011236 , 4.454583676165642
2089 , 9.114272 , 39.210192 , 6987.244047619048 , 1.5603441456434393
2090 , 8.925517 , 44.410128 , 6969.546012269939 , 4.613801817539288
2092 , 14.269194 , 40.841406 , 7013.5842696629215 , 3.7201055746921172
2093 , 13.371331 , 38.121411 , 6998.772222222222 , 2.053185235846234
2094 , 15.093825 , 37.498081 , 6930.916666666667 , 5.099625145744111
2095 , 17.223764 , 40.475603 , 6894.385474860335 , 4.757544445796466
2096 , 18.497089 , 40.14715 , 6987.5055555555555 , 3.9176508734268487
2097 , 14.414861 , 42.3559 , 6935.050847457627 , 3.5359059693456523
2098 , 13.506517 , 43.624767 , 7024.277777777777 , 3.769693133906672
2099 , 13.757939 , 45.649392 , 6941.887640449439 , 0.2855056455196321
2100 , 12.426528 , 45.418219 , 6974.140449438202 , 5.4665511675653455
2101 , 23.096111 , 65.696944 , 6876.021978021978 , 2.5340486366800383
2102 , 19.0125 , 63.190556 , 6940.095785440613 , 4.739670500001115
2103 , 18.210833 , 60.408611 , 6962.536231884058 , 4.182422539957289
2104 , 16.837222 , 58.553611 , 6949.782608695652 , 3.56641082459114
2105 , 18.284444 , 57.639167 , 6980.86231884058 , 5.095246265343619
2106 , 16.478056 , 57.275 , 7045.148550724638 , 3.595325943798635
2107 , 14.357778 , 55.5575 , 7005.405797101449 , 4.604847848608668
2108 , 12.829444 , 55.416667 , 7112.217391304348 , 4.142563673966885
2109 , 12.903333 , 55.756389 , 7095.047272727273 , 3.617242953360063
2110 , 12.579167 , 56.142222 , 7013.119565217391 , 3.82444215346488
2111 , 12.1125 , 57.249722 , 7005.315217391304 , 4.5498066836100985
2112 , 11.8325 , 58.093333 , 6917.948905109489 , 4.933693487971982
2113 , 11.127222 , 58.996667 , 7005.427536231884 , 4.817196103418987
2117 , 354.56294 , 36.1214 , 7013.770642201835 , 5.744176871991137
2118 , 295.295 , 17.75 , 6979.061403508772 , 3.2769131401272595
2119 , 295.276667 , 18.316667 , 6984.54128440367 , 2.7554218280584912
2120 , 294.696666 , 18.301667 , 7024.975609756098 , 2.4989377076293886
2121 , 292.83666700000003 , 18.456667 , 7027.072463768116 , 2.6643972906705766
2122 , 292.061667 , 18.09 , 7006.821052631579 , 3.0240652151845113
2123 , 279.40833299999997 , 28.415 , 7075.609561752988 , 4.1211749933646855
2125 , 236.29333300000002 , 38.913333 , 6985.880434782609 , 1.5572750379050255
2126 , 240.315 , 34.408333 , 7960.0161290322585 , -2.652897264050344
2127 , 236.56 , 48.125 , 6958.472727272727 , 3.591788964733736
2128 , 204.17 , 20.036667 , 7116.783783783784 , 1.5035644949870712
2129 , 200.408333 , 21.903333 , 7061.770833333333 , 0.8213562260816788
2130 , 144.796667 , 13.428333 , 6934.109090909091 , 3.2199387713708862
2132 , 17.858889 , 58.768889 , 6889.6 , 4.488810448570151
2133 , 11.966667 , 57.716667 , NaN , 4.923562142824456
2134 , 166.416218 , -22.241966 , 7036.540145985401 , 3.710508208720778
2135 , 306.885 , 48.651 , 6970.392857142857 , 4.286789719788533
2142 , 15.648917 , 38.121719 , 6992.894444444444 , 3.3098104937915815
2144 , 12.2494 , 44.6779 , 6975.025641025641 , 4.5249116209880365
2146 , 125.995278 , 37.194444 , 7005.582089552238 , 1.3333347242755649
2147 , 34.749722 , 32.052778 , 7044.45 , 6.163001004222095
2148 , 34.952222 , 29.544722 , 6983.729166666667 , 4.749277983869004
2149 , 34.917778 , 29.501944 , 7071.733333333334 , 4.749277983869004
2150 , 124.233333 , 13.583333 , 7051.054054054054 , 3.0200901127943136
2151 , 122.8 , 10.516667 , 6923.027027027027 , 5.795191974842587
2152 , 123.433333 , 7.816667 , 7012.298245614035 , 6.416400273370047
2153 , 125.15 , 6.1 , 7025.346153846154 , 3.6238825746882215
2154 , 124.666667 , 8.5 , 6940.421052631579 , -5.157431254057951
2155 , 118.133333 , 9.35 , 6998.0 , 4.034374232364397
2156 , 126.216667 , 6.95 , 6922.75 , 17.497976980400534
2157 , 121.866667 , 13.533333 , 7023.0 , 4.660531252036135
2158 , 126.2 , 9.083333 , 6998.379310344828 , -1.048072844387893
2165 , 25.152692 , 35.348475 , 7003.559322033899 , 2.1947335661608585
2167 , 28.236439 , 36.441717 , 7047.833333333333 , 9.140243217160153
2171 , 328.831361 , 39.378472 , 7089.408333333334 , 3.48093839962187
2172 , 121.933333 , 11.95 , 6895.6 , 4.100045562295665
2173 , 120.483333 , 17.983333 , 7011.877192982456 , 5.78741421375148
2174 , 124.733333 , 9.25 , 6961.962962962963 , -5.418454977521181
2175 , 122.066667 , 6.916667 , 6986.2830188679245 , 3.795316151193923
2176 , 120.25 , 14.766667 , 6885.0 , 4.956494942345911
2181 , 351.30892 , 42.40612 , 6932.5 , 2.499797682792392
2182 , 1.21325 , 41.07897 , 7033.777777777777 , 3.989064844659055
2183 , 39.65 , -4.066667 , 7001.29797979798 , 1.6978305532104987
2185 , 58.565 , 23.628333 , 6961.771428571428 , 4.280759912881482
2188 , 287.891667 , -17.001667 , 6990.966666666666 , 3.131035771973229
2189 , 275.828333 , 9.425 , 6999.453125 , 2.560672029141196
2190 , 72.393333 , -7.29 , 6999.415384615385 , 3.925116523904814
2192 , 193.711667 , 23.868333 , 6989.826666666667 , 1.330603732667613
2193 , 100.375 , -0.996667 , 7053.293103448276 , 3.8201715947427557
2195 , 95.316667 , 5.888333 , 6940.673076923077 , 3.495751243162371
2196 , 91.825 , 22.246667 , 7033.375 , 5.440518024359953
2197 , 111.73 , -8.28 , 7023.625 , 4.3984312630030065
2198 , 40.903333 , -2.271667 , 7085.376569037657 , 3.3668776780733713
2199 , 109.016667 , -7.751667 , 7061.245283018868 , 1.5397418702333145
2200 , 115.211667 , -8.746667 , 7039.2990654205605 , 4.796863308259866
2207 , 9.349833 , 42.965775 , 7029.454545454545 , 4.0688599110114225
2208 , 9.40383 , 41.856856 , 7109.571428571428 , 1.152707135082686
2209 , 294.528333 , 18.093333 , 7843.858490566037 , 2.5549991892316855
2214 , 236.08166699999998 , 45.555 , 6979.808 , 4.459085578015426
2215 , 270.67422 , 30.32639 , 7082.7 , -0.15569282921892152
2216 , 212.293955 , -14.945812 , 7071.710144927536 , 1.6369414783328913
2217 , 210.52446 , -23.341765 , 6992.197183098591 , 4.595128556687103
2218 , 35.07024 , 32.9193 , 7014.666666666667 , 6.340722896972504
2219 , 34.64053 , 31.83132 , 7037.3125 , 3.9738339057438217
2220 , 34.55672 , 31.68176 , 7005.229166666667 , 3.9738339057438217
2221 , 34.99065 , 32.82892 , 7047.5 , 7.749106610308616
2228 , 60.603333 , 25.295833 , 7053.111111111111 , 3.5600323447057614
2230 , 98.406389 , 7.801389 , 7018.1 , 1.017563748502893
2233 , 6.717606 , 43.359072 , 7072.844444444445 , 4.653496114121978
2234 , 4.892935 , 43.404935 , 7006.588235294118 , 4.51188746010028
2236 , 358.825667 , 46.007353 , 6989.105263157895 , 4.391341006865435
2237 , 164.943122 , -20.691993 , 6898.652173913043 , 3.088094272424537
2239 , 167.8771 , -21.5478 , 7021.261904761905 , 3.763662562639681
2242 , 210.705 , -17.8059 , 7029.551020408163 , 1.8260652348146562
2243 , 307.809517 , 4.893783 , 7083.1241830065355 , 1.335914304945618
2244 , 181.839775 , -14.296023 , 7012.727272727273 , 2.7655818534274763
2246 , 303.83169399999997 , 46.778833 , 7004.9 , 4.007626711808251
2250 , 128.786944 , 35.0775 , 6899.583333333333 , 4.602967060384129
2251 , 129.143889 , 37.494722 , 6984.742857142857 , 3.883618020635419
2252 , 126.522222 , 37.731944 , 7111.75 , -2.6128230059413977
2253 , 127.754722 , 34.903611 , 6958.555555555556 , 2.434984454994951
2255 , 126.586111 , 37.338056 , 7005.694444444444 , -1.9070286396890879
2258 , 126.238889 , 36.913056 , 6945.472222222223 , 1.2472773365838945
2259 , 126.428611 , 37.238611 , 6841.944444444444 , -1.2346489851380575
2260 , 126.584444 , 37.545556 , 6759.527777777777 , -2.6128230059413977
2261 , 289.852222 , -20.204444 , 6969.04044117647 , 6.9541711733623774
2262 , 286.577222 , -39.878333 , 6895.331967213115 , 2.1874214469165243
2263 , 289.139722 , -53.123611 , 7018.157142857143 , 2.2945772784263476
2264 , 286.168056 , -41.866944 , 7025.5482233502535 , 2.7103516352824197
2265 , 286.251667 , -43.898333 , 7056.8 , 5.965133829968696
2267 , 109.255 , 13.775 , 6964.659090909091 , 4.812789313837816
2268 , 107.071667 , 10.34 , 6965.357142857143 , 4.7042274761083975
2269 , 25.625083 , 60.205783 , 6962.941176470588 , 4.924986355033053
2272 , 298.235 , 12.005 , 7024.660714285715 , 3.5459414519202666
2273 , 203.1 , 20.78 , 7002.0 , -0.14551811019699462
2274 , 131.29 , -7.981667 , 6974.941860465116 , 4.037304825579445
2276 , 1.11556 , 51.381987 , 7023.61052631579 , 2.543431634197609
2277 , 1.409167 , 51.223783 , 7052.5 , 1.2272395668463465
2278 , 358.84684 , 50.65111 , 7019.537313432836 , 3.3001048505121737
2279 , 358.050816 , 50.60933 , 7003.910256410257 , 5.284925178508823
2280 , 359.507852 , 50.76983 , 6998.292307692308 , 3.3280776360924444
2281 , 358.492878 , 50.740296 , 7009.028571428571 , 5.556229680791971
2282 , 357.2359 , 50.708867 , 6979.338983050848 , 4.514448604247761
2283 , 356.507855 , 50.543862 , 7018.024390243902 , 4.2762735057819885
2284 , 355.165588 , 50.59419 , 7001.66 , 4.8941621476156145
2285 , 357.299983 , 51.570117 , 6989.181818181818 , 4.978327817878826
2286 , 277.244167 , 23.020833 , 6998.5609756097565 , 3.8821183874948337
2287 , 284.16333299999997 , 20.0205 , 7044.384615384615 , 6.943772265441575
2288 , 282.8905 , 21.591333 , 6983.757575757576 , 6.679216860944542
2289 , 279.5455 , 22.1505 , 6961.086956521739 , 2.195908633829671
2291 , 289.28833299999997 , 43.071667 , 7006.757352941177 , 2.180717666711678
2292 , 284.90833299999997 , 38.328333 , 7038.937142857143 , 1.6595573278164868
2293 , 284.313333 , 37.606667 , 7024.771428571428 , 1.5313999256874733
2294 , 284.365 , 35.223333 , 7057.140625 , 3.751856513032558
2295 , 283.33 , 34.72 , 7120.851449275362 , 4.055752349475988
2296 , 270.326667 , 29.868333 , 7073.732558139535 , 1.2034524341315944
2297 , 264.698333 , 28.943333 , 6977.697247706422 , 3.875947824969255
2298 , 235.363333 , 47.913333 , 7046.607407407408 , 3.4837742863065904
2299 , 225.353333 , 56.246667 , 6972.051546391753 , 3.557618768838507
2300 , 223.653333 , 58.195 , 6998.693548387097 , 1.8891395700772573
2301 , 205.753333 , 56.898333 , 6955.093457943925 , 1.214105612038248
2302 , 197.673333 , 55.061667 , 6975.827868852459 , 1.2734558203923165
2303 , 185.826667 , 52.231667 , 7040.89010989011 , 2.1333256071018285
2304 , 189.715 , 57.125 , 7015.990476190476 , 2.888307871801102
2308 , 351.46988 , 43.34653 , 6962.264705882353 , 3.2638640771674887
2310 , 153.552111 , -28.536811 , 6977.199248120301 , -0.41503243324048117
2311 , 153.146061 , -30.302858 , 7007.985781990521 , 0.9074007462872684
2312 , 150.7076 , -35.122003 , 7016.528735632184 , 3.1392870901837804
2313 , 152.910983 , -31.426792 , 7020.446096654275 , -0.30591887441674637
2314 , 153.549642 , -28.16945 , 7039.624365482234 , 1.292903361235798
2315 , 150.476531 , -35.35765 , 7019.473684210527 , 3.5132833075600365
2316 , 152.182239 , -32.714881 , 7077.284 , 4.659439875373072
2319 , 153.551186 , -28.170639 , 7047.421052631579 , 1.292903361235798
2320 , 152.17565 , -32.719672 , 6965.238095238095 , 4.659439875373072
2321 , 289.29 , 43.071667 , 7006.757352941177 , 2.180717666711678
2322 , 286.235 , 40.81 , 7092.257281553398 , 1.425773938392939
2323 , 283.755 , 39.213333 , 7076.075098814229 , 9.822259857055714
2324 , 283.53499999999997 , 37.995 , 7082.420289855072 , 6.713680609476419
2325 , 284.451667 , 35.795 , 7008.9034749034745 , 1.370940380466153
2326 , 278.571667 , 30.398333 , 7041.675977653631 , 5.0121964509862496
2327 , 271.96 , 30.705 , 6996.884615384615 , 3.5256855773524256
2328 , 269.886667 , 30.026667 , 7113.4915254237285 , 1.9088693851833496
2329 , 237.788333 , 37.506667 , 6993.696078431372 , 3.954046706774465
2330 , 237.95999999999998 , 38.055 , 7205.07326007326 , 3.565614670910433
2331 , 11.919 , 57.392 , 7139.5 , 4.680317995733722
2335 , 358.704876 , 44.21068 , 6824.0 , 3.9113640668033183
2336 , 3.0641 , 43.0147 , 6947.166666666667 , 4.127736122914116
2338 , 358.068486 , 43.321764 , 7061.173469387755 , 3.0420365354665644
2352 , 296.383333 , 44.683333 , 7007.688524590164 , 2.724487856456039
2353 , 288.798056 , 46.811111 , 6949.418604651163 , 2.6953871316443427
2354 , 304.6099 , 46.9168 , 6995.314814814815 , 4.121133128229423
2356 , 178.4275 , -18.1325 , 7155.784403669725 , 2.0497154171099745
2358 , 151.2585 , -33.8255 , 6948.948905109489 , 2.5284927561527715
2359 , 16.960556 , 58.484167 , 6635.25 , 3.2641731248701755
2360 , 11.894722 , 58.3475 , 6638.704918032787 , 5.19782441981765
